x,y,x_d,y_d
0.11809044380084989,-0.02461211948641351
77.03037645377131,68.56315499084917
77.18299112087267,68.34693889533273
153.7726977554961,167.58858920558959
153.65515052625705,167.74398954208857
326.6428405633138,193.14629507123738
326.4524829258692,193.40406700559618
483.183264882863,212.22984224570132
483.160903179995,212.23341402765638
730.0082866364885,349.56556928615777
730.0424311174918,349.3376923173695
889.3323126064079,372.1641688647526
889.6503842787193,372.5077365335858
1053.9516393471947,402.4231166127603
1053.9866571865732,402.3193014126983
1227.380446574185,423.9786301027782
1227.4240590865122,423.99909839124166
1417.4724604385055,461.0707895398399
1417.4031766683845,461.1475122818556
1637.028909273124,496.484983987528
1636.8903681615586,496.55798371208397
2245.2551445918616,480.5977317868416
2245.2179303704916,480.52397887168
3082.21993019235,672.6329369266664
3082.6257579927005,672.6485196448255
3928.9577591126963,764.9939661103192
3928.7199520578715,765.228530563357
4761.457854099345,860.6868163838409
4761.259485413712,860.552774439582
5686.966457558688,1062.9881252944629
5686.919703552344,1063.0863077534357
6584.54736413461,1272.696217056224
6584.722849890921,1272.7879289897978
7464.416404137035,1538.0927035868376
7464.467309120527,1538.03173047173
8266.267386198495,1741.6848439887526
8266.218966751327,1741.6441842447962
9026.684445569337,1935.2757926226632
9026.650371120311,1935.2547082507115
9779.150635405293,2104.396535397015
9779.114765184877,2104.572463756921
10479.064852934673,2245.2741173717454
10478.979882178723,2245.178397892129
11103.04867330392,2361.771728435648
11103.060125297285,2361.5919716091225
11615.084986888862,2460.379067972079
11614.985790545841,2460.452338467219
11897.444247757956,2533.6892051084874
11897.43031905784,2533.7284105783883
12155.630410373999,2606.512338213247
12155.537061407726,2606.62278108492
12334.198601790005,2691.362969000982
12334.16593167317,2691.3716150075725
12472.590739588084,2769.535270429597
12472.617123533983,2769.5430422025074
12373.255103425778,2760.0573201357374
12373.328059180905,2760.2175876169554
12365.60582391213,2759.5143276381787
12366.00247221838,2759.744841793626
12346.123139432546,2751.1870575783596
12346.267062155945,2751.0561930408203
12332.835947147312,2750.990357293005
12332.875463650871,2750.9084042689337
12323.542358456734,2747.9813566205125
12323.871599736269,2748.0960283912673
12318.625564837403,2745.830828353755
12318.896412097765,2745.9327110815843
12317.387946864028,2744.6229875065046
12317.56423134582,2744.615364775328
12324.485663966187,2748.484319185573
12325.08627626432,2748.7325495513664
12341.978344846157,2759.4778951639337
12342.251807504808,2759.482360155891
12366.872500959635,2772.3357129185215
12366.96884789208,2772.3338142008233
12398.458488966404,2790.211532052478
12398.652030954525,2790.3428475221613
12469.33424891682,2833.07460178935
12469.355303344022,2833.108563190657
12543.974738667113,2895.159590244785
12543.836971842882,2895.011319076257
12584.20687569522,2918.200981747668
12584.356508537654,2918.2487793301607
12672.051406929037,2969.8594022702305
12672.204823312299,2969.904796824903
12763.128636903877,2998.3317045283543
12763.042627685049,2998.3637068412786
12910.0235193779,2994.209779912853
12909.877763631785,2994.2500342990247
13401.749821091082,3014.8236636592787
13401.772697379594,3014.761736515021
13865.163308348328,2996.482471949171
13865.18686602213,2996.5137754848724
14304.243794989787,3019.0648868776043
14304.410963874303,3019.024678622725
14410.40664356982,3079.702190203443
14410.45835321665,3079.6794770164956
14499.396582812049,3143.995019950253
14499.512266807065,3143.993043858966
14631.48891538756,3029.1853496607155
14631.402385234689,3029.2900412304853
14737.162416185702,2902.9027198057483
14737.127962127892,2902.9322980469933
14842.743235635466,2906.889430762756
14842.783004775662,2906.8352984099015
14964.81906814278,2921.160126181426
14964.84316337421,2921.1628483243776
15072.925088513726,2934.601047057632
15072.747154997054,2934.580174707287
15149.530241368439,2935.126099467911
15149.608585813587,2935.280566957479
15281.393903047147,2867.78087129465
15281.340471562016,2867.846872743307
15404.709752395327,2854.63790050427
15404.796699715629,2854.591645738269
15706.356585825515,2842.347626080338
15706.399511565207,2842.3251329124223
16056.515298525219,2834.423882476694
16056.493394184326,2834.489529006021
16461.810333004163,2844.0115208103725
16461.72708987626,2844.014161431797
16868.965097563967,2842.349995606955
16868.87810015243,2842.3835661687003
17187.98476892003,2819.3106508863584
17187.914650623137,2819.411909839693
17178.287655553508,2813.490466599314
17178.31830031543,2813.482047578251
17102.84807951236,2821.917272610403
17102.85520594771,2821.9316417821033
17028.88285727343,2832.298393206179
17028.98236119687,2832.3404933894703
16969.919337551033,2853.846557668699
16969.968756176648,2853.912863301664
16930.953992225328,2871.2088200254807
16930.90923796474,2871.313439721255
16820.822532401915,2879.1173848889157
16820.80459430867,2879.114251786646
16713.372266330764,2884.1606815773157
16713.27132991123,2884.181242170218
16645.291397194775,2894.578598407965
16645.4158627125,2894.5493251365992
16580.33724309399,2910.9180107624093
16580.38433664721,2910.893817959334
16494.216568091913,2921.5853438026506
16494.28960788924,2921.5888818437884
16409.85456779725,2919.5073961196335
16409.81880016616,2919.38877337426
16293.044362573135,2931.828330457129
16293.020222594258,2931.811838255755
16235.635517031682,2943.897558123145
16235.614664074565,2943.909472255581
16154.426534516577,2958.8952533799506
16154.552606459847,2958.756088595674
16074.950898433788,2962.7859797669716
16074.969808636928,2962.834193072488
15985.989171232937,2963.877752280824
15985.901026603917,2963.781260514049
15870.278579587473,2958.854180641906
15870.223610564703,2958.819845997813
15792.942587910973,2952.1330200766038
15793.055257622396,2952.069362274081
15680.186062641524,2946.380507340648
15680.143496516774,2946.2950122282236
15569.130063978655,2938.6133216446406
15569.169437711696,2938.5840567262717
15533.220641982245,2927.079904709156
15533.313619073577,2927.2029217210184
15490.108279868946,2915.2349526996813
15490.148081347206,2915.1773402901663
15357.680645354978,2887.611080968024
15357.642559588483,2887.6357818791057
15289.150559603575,2881.503347718339
15289.248981957064,2881.5064626679127
15188.29715083599,2875.936100390714
15188.360492006512,2875.9626631404403
15035.604992452345,2869.6651967369253
15035.60395987699,2869.6371459839183
14945.558268039733,2858.564132622553
14945.631855161711,2858.5845749071214
14871.490781799235,2837.858918108219
14871.54445298593,2837.8242277535182
14862.915934715618,2813.3132600042222
14863.046805185184,2813.1347395789066
14875.911432892697,2773.7935531805515
14875.841759990652,2773.7361073879965
14902.685617553128,2732.5559142715338
14902.760677396735,2732.605648299751
14954.270858084892,2684.6228651752317
14954.330438307985,2684.5995249084453
14976.791428929218,2589.6377857258212
14976.728363834654,2589.5980604229817
15057.996258316625,2542.67161202079
15057.90967942871,2542.728908708701
15174.25277467066,2508.1072289947992
15174.233033305545,2508.05404266298
15246.093628079989,2455.244485725604
15246.235404373361,2455.3439248229615
15391.639159352619,2442.479634905572
15391.570076003165,2442.6379108509163
15470.974044970546,2425.4757333377815
15470.938136277848,2425.387456596339
15378.579416887489,2438.67482316077
15378.682436751022,2438.7375466175013
15274.590236159976,2459.0365945409394
15274.607719588266,2459.03183706895
15206.355170847688,2472.4965440782426
15206.354480760594,2472.508878805287
15134.905575309433,2478.5067898196403
15134.932142199235,2478.517006408826
15047.057315627406,2465.298235411918
15047.086964670354,2465.2818457932945
14968.575212281135,2465.812525485334
14968.483332446414,2465.767349172004
14889.23556179783,2462.3749615397346
14889.32946167673,2462.3783795003546
14791.689673759056,2449.337889174962
14791.773799700597,2449.3197325129213
14666.89466446184,2425.5768860251915
14666.973044079203,2425.607864936232
14574.646022017754,2430.5437209507936
14574.672024544612,2430.533504739593
14476.893437477971,2412.6408047266514
14476.791333953428,2412.6786353392695
14385.340804492902,2410.3137100872095
14385.307056725236,2410.2818005353865
14299.635426763509,2405.7948501753735
14299.595617311992,2405.814982594174
14185.518613229982,2391.81074864576
14185.583436894538,2391.76609184235
14072.247780753833,2391.468623144796
14072.32115953331,2391.2876273949496
13963.804515076697,2378.8174157975973
13963.825352382,2378.84382591006
13822.754136376536,2385.242512701723
13822.749811985166,2385.2879594924148
13678.551226580284,2359.9039081775154
13678.628913471555,2359.9920009377643
13524.897533884825,2341.3767087599463
13524.923211276542,2341.341733767394
13355.355120212444,2321.836386937319
13355.303472891483,2321.8269290066573
13176.523777827588,2314.2382759179254
13176.483444677506,2314.250255838801
12993.215982007012,2286.397933699119
12993.164373905076,2286.4740562214206
12812.174926913001,2272.90299173152
12812.176286861508,2272.9114526772983
12627.025474911854,2245.315170252974
12627.109848748947,2245.315010109628
12448.635265533156,2222.6742273963196
12448.769907083883,2222.7745082529023
12259.927769428607,2198.5252474195186
12259.861309789505,2198.5127682812454
12069.024989743548,2183.5465891865224
12068.98157457816,2183.5686430218693
11865.610554826546,2144.4908855092945
11865.581051894753,2144.4718839537513
11676.287162282144,2119.461552754156
11676.286133220943,2119.4594760429977
11480.64945903373,2107.2394130320577
11480.667826952122,2107.3096661286663
11292.409281792083,2079.701813309023
11292.43605225848,2079.7061202647683
11093.167851257887,2055.8146943059032
11093.203412649105,2055.91850569466
10896.858312341115,2036.4408633796115
10896.84517405253,2036.456022334426
10701.619487113967,1996.785770276776
10701.614247377736,1996.7926631702958
10500.612778866733,1972.5503297399905
10500.631139591067,1972.481797426928
10313.582070626715,1944.844914130066
10313.607223407424,1944.9025900049546
10118.588684323002,1918.1018841557127
10118.616145674481,1918.2121615785109
9933.875362157569,1893.3369402567243
9933.750867363684,1893.347586339307
9750.433322163499,1872.1270836589974
9750.477484113439,1872.1013781150382
9546.695789181347,1836.510126522967
9546.717606647844,1836.4623640693505
9323.828447046173,1853.4320167874748
9323.730908325177,1853.37881223644
9133.48110990296,1833.536066409406
9133.442558695077,1833.5849040833696
8944.678643133022,1810.6735249528253
8944.689020321359,1810.8196751880396
8758.510418002805,1783.7659090422999
8758.511120058396,1783.7617760305513
8582.447913819564,1763.3537933086327
8582.43315103313,1763.3671673265694
8380.733337907448,1786.7697939983657
8380.723399184573,1786.802578665308
8207.755134932693,1768.2450134070064
8207.771004970262,1768.2705836012788
8030.2465281776185,1758.67990786429
8030.205506409948,1758.6671963489944
7850.144291296302,1739.7420418891265
7850.157542451415,1739.7918155889201
7656.897105588692,1718.0128515126612
7656.856968934485,1718.0332018807626
7461.553345615121,1694.7553392324785
7461.4930885876565,1694.727277475488
7262.610312624214,1693.890124636487
7262.594516631011,1693.8967290588125
7084.171211226113,1671.2715499684307
7084.174230567943,1671.1760697092259
6892.106115256894,1656.965935454466
6892.022252012644,1657.118238507478
6721.466460207417,1637.3023971132568
6721.41479854367,1637.3324787444908
6522.972463102395,1608.7379781870143
6522.961729219983,1608.631734231892
6318.685128756339,1592.1034168665071
6318.66057214805,1592.0464368350613
6121.6846651916285,1570.0419457623514
6121.70591584017,1569.9733270962909
5925.6182588727825,1552.3127715391522
5925.613122483552,1552.2704575302816
5748.957309873859,1529.5742595927763
5748.98684586263,1529.5280098928333
5545.005872455717,1505.4952596287592
5544.991502976534,1505.4763084643846
5358.860842234616,1476.4964277770173
5358.861652473187,1476.5576246396477
5156.009779204913,1451.5298647357595
5156.00930393995,1451.6497810934718
4957.2758874000865,1427.2883777377363
4957.274025828975,1427.2710600403393
4743.487158380454,1410.8222025162927
4743.635815732516,1410.9459182419141
4553.838618285744,1381.5888514407698
4553.88110458319,1381.552132779939
4337.358135538508,1352.5880902682015
4337.392069980175,1352.586141657283
4159.845636260089,1320.887700430183
4159.769153476653,1320.9061522483469
3963.826212313565,1294.5291791192985
3963.8245516112956,1294.5757702214096
3774.5847006789604,1259.5084396267628
3774.5685748422734,1259.5197854717408
3579.750357339315,1228.411968140228
3579.7089877082,1228.5056614137081
3364.773497485755,1206.5980097139518
3364.7812577796394,1206.7111697919897
3159.0555565594386,1180.4127064467912
3159.030773418124,1180.3421455976254
2927.5644926088225,1147.5110407553584
2927.5118679078646,1147.5104706027998
2699.3344054913746,1125.4859941783936
2699.378454920223,1125.5085023312522
2460.365390084968,1103.1231229570626
2460.4014216290802,1103.1801413028295
2216.6038971650523,1074.6970771079173
2216.550204900199,1074.6556396257795
1991.9710310274525,1042.003579052736
1991.9561841858942,1042.0000422559922
1758.8242102727077,1021.1966428086668
1758.8287743751157,1021.1774355863861
1568.668098762149,981.2319355016751
1568.6865259320268,981.2529252320437
1430.1999429075445,948.9102036153395
1430.1730941268056,948.8965769826881
1206.1399518223882,934.5332200005244
1206.242708382808,934.4993628074051
1008.6802490367795,903.8100218442344
1008.6852121521463,903.8289342385422
813.4290805353919,867.1004673957397
813.4620498652823,867.1542903762055
593.3701081655277,820.3440338027087
593.342685386724,820.3490024683911
423.04765814314453,774.6838673328928
423.08243652103533,774.654703409859
213.76203725937333,747.3493769330861
213.77707706336605,747.4425851918323
-23.789814089679737,733.1784246976836
-23.865309516070468,733.1951965649968
-268.43041471156954,712.2544039430251
-268.38680909608416,712.2197746383835
-500.5943548201773,717.8628470780234
-500.6090613053814,717.8654960812726
-751.5504556103014,740.2532096532672
-751.5585558722382,740.1714745299979
-985.0698268388439,787.4079754380851
-985.1492428702481,787.464324238491
-1193.2525887226218,858.421006324521
-1193.2940504488604,858.3983105575523
-1390.175946670583,925.1772333088438
-1390.1690921046022,925.175251983157
-1594.9056726521708,980.4675121243878
-1594.8952801664188,980.4530835148907
-1785.0064506622823,998.302476095739
-1785.0582172295713,998.2634259015663
-1986.8755083299718,956.6594806125161
-1986.7871073963831,956.6418738061811
-2210.4629498300055,944.792325127868
-2210.3674460253937,944.8203962904979
-2506.0810940827732,988.577374157858
-2505.961190357505,988.6485950665322
-2662.5902151707305,887.6271222942336
-2662.628774023291,887.7401574376922
-2918.585026728888,892.472833807161
-2918.553003729069,892.3831669605934
-3101.4476970958235,783.9353715062286
-3101.5031512024957,783.8943155933787
-3278.2079878729255,769.0779786838643
-3278.113043767923,769.0114625885369
-3418.7596209757407,668.9460337624893
-3418.672207356654,668.9602166283128
-3708.083831482324,656.3131941560312
-3707.8881739311582,656.2963661611865
-3987.9007175741035,613.4513884277163
-3987.8511620685704,613.4375284250566
-4226.223452828268,520.1118470556368
-4226.275387065423,520.1453636725221
-4260.810749283778,471.5124951099386
-4260.839990193215,471.5638860035825
-4558.117739440176,406.8241277769723
-4558.044458821969,406.85542723467074
-4667.322328149528,384.6559831705415
-4667.269827983494,384.68620396460386
-4756.567698405042,365.8923135562455
-4756.506883570066,365.9210884079781
-4857.618015561617,363.27253485587346
-4857.532397443367,363.2029699024997
-5030.678864966879,289.04329828093023
-5030.779663345165,288.99689061037043
-5151.539300150449,275.3935864004308
-5151.540664650836,275.3905965911213
-5251.493988807124,265.45089848090845
-5251.5651031991865,265.4569289628622
-5317.747863133536,251.52103072959008
-5317.687182062963,251.52873215280744
-5422.18783278464,237.5263891012828
-5422.1147998656525,237.5816507464997
-5470.6031635623385,236.87235000174073
-5470.544409979275,236.87886962412608
-5524.0967434338945,229.37192740801794
-5524.069845673705,229.33849681577883
-5570.178663500161,218.34449024663036
-5570.150113687383,218.2994327061516
-5617.013922812899,201.709178704548
-5617.055038738609,201.61020943532043
-5668.171164896562,180.93166257872292
-5668.154791795891,180.9418696466991
-5669.356396569208,165.9051539375699
-5669.344648883452,165.9063728045518
-5688.121488228691,139.67296098142964
-5688.146029131485,139.73007533927677
-5683.214320529794,119.59060383274853
-5683.490253837163,119.6661898447951
-5690.752390532018,95.78590379952395
-5691.029808398244,95.78972477735464
-5687.94347540765,74.61421472241035
-5688.070624126298,74.66371421037927
-5726.635755336674,35.447414368015636
-5726.6919105087745,35.43165423017251
-5815.68604622863,-20.400266792204444
-5815.858056762705,-20.407954966077885
-5843.246571089494,-49.06207207479849
-5843.342887750109,-49.061390144268074
-5865.903653131649,-79.89511639396936
-5866.004621954202,-79.94600773804657
-5904.677934110145,-107.89330013654615
-5904.580231715064,-107.98292815339819
-5946.667152613455,-138.0570168472613
-5946.629305349123,-137.92782415940235
-5958.60758324045,-166.95610656986486
-5958.908894178188,-167.0794466420246
-5920.335767217467,-204.20893392020014
-5920.1164315211445,-204.25108782267415
-5881.554438917684,-252.32547503341618
-5881.722743945139,-252.08404236268453
-5851.4495033577305,-296.65692523845615
-5851.496020518611,-296.61223386456595
-5807.651209575743,-343.7838220987351
-5807.797657222644,-344.1744783682136
-5768.0823271802,-388.7017546199871
-5768.01769435393,-388.78857347204763
-5806.255937731925,-448.69623493718973
-5806.154040348516,-448.6053470946993
-5786.758682207959,-473.61164622628064
-5786.633640216867,-473.51735665953277
-5649.38440355707,-423.44044132280595
-5649.366496601216,-423.395387109073
-5581.57172392303,-403.4896839322474
-5581.550900553186,-403.4959599010699
-5536.97184015339,-366.0001024317695
-5537.0547110516345,-365.96713973032547
-5105.515711956989,-311.648501041886
-5105.541800208676,-311.68169456077425
-4927.613837388204,-253.71303048108877
-4927.6122330653025,-253.71326774717687
-4863.1169958481305,-231.1888955977865
-4863.181814466322,-231.1904702941868
-4692.567667485651,-170.23291891687302
-4692.613779622244,-170.31289112747453
-4739.584860041436,-170.0808383810579
-4739.5433449504335,-170.0556683093124
-4828.857431689889,-188.346811738386
-4828.8010212957815,-188.44086778146644
-4974.679774165969,-210.98939268895325
-4974.783301865846,-210.80196958809594
-5138.825246325009,-203.91555749497059
-5138.910254424252,-203.9141101657594
-5331.705750487995,-224.8609359359004
-5331.750472866965,-224.78383527803854
-5525.133488855185,-253.86251035053803
-5525.288591138197,-253.8011467195808
-5716.632213253719,-279.75508390738867
-5716.625890873603,-279.7562886045069
-5916.09923939874,-306.00723366354606
-5916.265624788724,-306.0474872819676
-6112.546995590548,-332.85979791245353
-6112.729102421944,-332.7505413139091
-6302.896995321627,-357.5362530306302
-6302.849721980696,-357.4318001312324
-6465.929554292092,-381.6234281358586
-6466.005208990711,-381.4223724968136
-6634.0120287254995,-394.8624576679177
-6634.1675598780785,-394.6938192962137
-6796.477693202119,-398.5443047383328
-6796.469788603482,-398.6014050957892
-6889.043503623775,-442.14390230134256
-6889.125571958459,-442.1609126869546
-7040.632715498795,-466.69862921480274
-7040.605327579015,-466.688603158962
-7188.813257817447,-468.65588842229704
-7189.137364107979,-468.74705296559193
-7332.186620915412,-484.6064761486162
-7332.2398268722745,-484.4537345496724
-7451.5540740859715,-504.98385975037286
-7451.502443832125,-505.05306127823735
-7614.714567331279,-516.6780264056298
-7614.690313122792,-516.5507387171805
-7739.099264320781,-517.1345827099262
-7739.297891826383,-517.0693973741967
-7887.040509462878,-565.8966643262795
-7887.069238289907,-565.8095970577184
-8021.268785801299,-603.4874607624884
-8021.240880068917,-603.5069178232532
-8125.3381513353315,-629.1113654617172
-8125.398260856645,-629.0199933453888
-8241.456430766713,-661.7648218007982
-8241.508579351013,-661.832350888787
-8351.38397515443,-688.2147983618314
-8351.319764619782,-688.2673352833955
-8454.74551410264,-706.1806973787851
-8454.892240617817,-706.076051585949
-8620.097112300593,-766.0948645886422
-8620.140575213147,-765.8146202545641
-8844.368850681109,-800.010018063141
-8844.367689104918,-800.000655856903
-9207.304015266749,-851.5165851822821
-9207.257634887099,-851.641925286405
-9651.942807114752,-932.1729298561283
-9651.904527896098,-932.2120698442568
-10074.527816942023,-1001.2775904947574
-10074.487886652274,-1001.3419074366822
-10343.558877094818,-986.5393457736911
-10343.407313688516,-986.4850397915434
-10653.21764109887,-934.5895111559923
-10653.247910265822,-934.5740648617627
-11078.756020331492,-1038.8369650897805
-11078.773209704981,-1038.8047882021672
-11526.222599836088,-1133.6611060690705
-11526.203933294944,-1133.5976564978898
-11969.420508113288,-1231.5557030843904
-11969.499383270102,-1231.53554155077
-12288.628892417926,-1185.678072878823
-12288.6473577331,-1185.6829482095197
-12708.549202014852,-1225.5193027981786
-12708.605407072411,-1225.5181110660656
-13096.287381089498,-1238.0588413742169
-13096.308444907781,-1238.0688588830876
-13485.18711779113,-1317.421622892791
-13485.25747978978,-1317.4491602340886
-13941.881886731066,-1446.5147782655963
-13941.84699075844,-1446.5208805720351
-14388.712465819732,-1580.028614879924
-14388.671664894515,-1579.989956227429
-14730.358294151312,-1604.1739209894988
-14730.32020152928,-1604.1871328857183
-15117.090623060258,-1729.7850848131957
-15117.035323670198,-1729.9127459733063
-15713.7692357024,-1957.0565087974228
-15713.885151550247,-1957.0027066217338
-16236.099742569011,-2165.5600347575755
-16236.192215403325,-2165.648851014297
-16571.916920015774,-2209.947290897959
-16571.966600078224,-2210.026337151255
-16894.667654887427,-2258.6175866226304
-16894.64154141833,-2258.5569647157085
-17066.80274059883,-2311.667280979652
-17066.873159016475,-2311.7528725618436
-17203.546001458173,-2289.035305487983
-17203.580165674994,-2289.0367909285897
-17333.656012814423,-2211.8983114486796
-17333.587882407843,-2211.868160503663
-17388.459546314316,-2113.548210664463
-17388.55656700414,-2113.5251071486136
-17815.937810015235,-2264.0261580949646
-17815.911725614722,-2264.1141900944326
-18136.741766577725,-2337.6167764356996
-18136.735813971794,-2337.627499736331
-18112.57158942024,-2341.2478462641507
-18112.690732915627,-2341.1697442967084
-18076.218216478803,-2339.332132087309
-18076.043550195303,-2339.3515492086026
-18088.433468187053,-2378.9081653845706
-18088.42763092815,-2378.9671554900583
-18046.16699684436,-2376.900228799554
-18046.111399988302,-2376.8768342939193
-18087.205852115716,-2437.631531810203
-18087.22882698652,-2437.603849173737
-18070.62939821462,-2449.8743994080355
-18070.49086827961,-2449.974464043266
-18076.034833663827,-2463.7307695595828
-18075.907735623226,-2463.625468749031
-18085.471212006734,-2506.149564227204
-18085.439580608378,-2506.1803733006723
-18090.620057448923,-2544.2380546158674
-18090.527338645417,-2544.418045971852
-18111.6841058937,-2590.947728193297
-18111.66574604677,-2591.029730553757
-18175.57294154028,-2652.777503823527
-18175.540942569693,-2652.886015441099
-18164.43088419547,-2656.3324901591004
-18164.42627885456,-2656.328950285847
-18159.924392490422,-2668.2216553706903
-18159.875800770347,-2668.3737781883
-18180.80110816834,-2703.673865321295
-18180.71339080853,-2703.7879606682463
-18206.905856130194,-2712.557120051072
-18206.80368352176,-2712.6156773724433
-18209.45456807054,-2732.237823040498
-18209.33882723111,-2732.30846793776
-18221.831056291187,-2730.053598147965
-18221.876678323566,-2730.1743347760275
-18299.27848555129,-2750.31452083294
-18299.384313632047,-2750.324073044577
-18563.705484733317,-2778.0637448926136
-18563.647151441404,-2778.1138350255605
-19088.999712388133,-2903.277075954729
-19089.053838601303,-2903.27830582197
-19554.65924246778,-2978.12578096998
-19554.68343211532,-2978.0843014546913
-20066.016512503964,-3104.8111337490996
-20065.951305088412,-3104.821478561593
-21031.731934376105,-3208.965994160818
-21031.813847231067,-3208.913991197309
-21460.833926779214,-3312.969845280227
-21460.894378915298,-3312.9364127009158
-21761.791563051735,-3390.051585950143
-21761.84288607552,-3390.075868107385
-21927.468414091556,-3456.9725335742605
-21927.43030210053,-3456.936406065316
-21888.7289714843,-3425.3762926771838
-21888.655552514443,-3425.5087570667747
-21905.45031979731,-3448.3204913337077
-21905.39225431246,-3448.2602653269164
-21838.877724199898,-3425.55821992696
-21838.74211286014,-3425.569069835894
-21815.195526647643,-3448.434442973989
-21815.045261564755,-3448.481080226756
-21748.881712210536,-3382.2137711958167
-21748.86906165026,-3382.1277750605072
-21713.53866113288,-3397.2344213859824
-21713.362979369125,-3397.379866761978
-21574.34990859533,-3323.5261966911867
-21574.29102293197,-3323.6059957921143
-21436.908643753854,-3222.695848045344
-21436.82116584567,-3222.788309448887
-21323.386308973066,-3225.482059885016
-21323.27393000843,-3225.6457598288207
-21257.9816194014,-3253.3892285249153
-21257.957402136886,-3253.324149397693
-21118.88730629871,-3241.351440373929
-21118.778491118606,-3241.4747374224426
-21007.429933613388,-3258.119509994539
-21007.319601532112,-3258.177784768358
-20896.226701245592,-3260.395062803364
-20896.12049303383,-3260.5191340313736
-20731.86407750091,-3195.195741366044
-20731.78199855192,-3195.3212404334276
-20617.09068616457,-3208.136711375614
-20616.94880067047,-3208.248059877314
-20724.321179097285,-3229.9689028666617
-20724.154548016795,-3230.1008702087597
-20684.541780166906,-3259.156160770952
-20684.540735780614,-3259.286664043935
-20637.30933939271,-3230.061178840928
-20637.161162518365,-3230.170483586927
-20628.48448442313,-3292.1130743332506
-20628.285646584376,-3292.259843014318
-20616.137389506323,-3251.401407310795
-20616.20659321707,-3251.258245784981
-20645.12057269483,-3291.8849056578156
-20644.903307640143,-3291.825839848001
-20683.099326872743,-3315.843090190213
-20683.050631390717,-3315.912179611755
-20732.414831417023,-3349.3777299511503
-20732.440977788432,-3349.3397838577425
-20785.490542392272,-3393.9996169428114
-20785.264794478204,-3393.97017604505
-20876.047380984237,-3417.040356449736
-20875.89577414843,-3417.150043687843
-20986.55412566242,-3433.5026865390223
-20986.571833848975,-3433.3970366177714
-21080.476653194717,-3421.5056878302303
-21080.408503665458,-3421.5002151507397
-21190.203151757447,-3427.6183211362786
-21190.137347239746,-3427.6219107434167
-21299.57741108942,-3432.190000165221
-21299.51931478418,-3432.062863261572
-21419.282996178354,-3442.644288174799
-21419.233819812325,-3442.333343739965
-21538.960096962583,-3507.9246574389113
-21538.910171290787,-3507.6808673423675
-21658.813762821454,-3520.565900262145
-21658.82357228031,-3520.620646591428
-21778.512423367483,-3517.459022249736
-21778.438122556377,-3517.526995546245
-21861.29454527147,-3573.976467177741
-21861.297800225162,-3573.934123316871
-21955.60577864563,-3589.693709273263
-21955.729017294005,-3589.4188322603845
-22024.936520607873,-3587.912453344874
-22024.786242176266,-3587.992611472286
-22077.331329078697,-3592.4067312572292
-22077.22299643159,-3592.4389001844525
-22186.791668846345,-3623.0334983906723
-22186.722626398154,-3623.0704227125625
-22289.35959479349,-3667.7226279336946
-22289.21864720348,-3667.7162635686777
-22387.71958297772,-3727.7209354998386
-22387.516254853348,-3727.7480197169943
-22476.090465039983,-3775.477246791761
-22475.941242043133,-3775.410846606769
-22563.428147195522,-3792.7129038089856
-22563.382093399578,-3792.7491269279762
-22671.288950786697,-3838.043371553424
-22671.161640316583,-3838.2150701400774
-22798.425093050304,-3890.5184360260637
-22798.416891242938,-3890.5346008980564
-22879.653340628178,-3914.3551374952244
-22879.558654697154,-3914.4447568159144
-22984.52490465834,-3941.3917390789816
-22984.380761888824,-3941.3321843102535
-23094.542456696647,-4025.8698928120575
-23094.490737226166,-4025.916713475283
-23174.21613389725,-4073.564258196148
-23174.16760024646,-4073.6460241212326
-23278.69233587428,-4195.060723730844
-23278.6215326238,-4195.024521160918
-23403.008196784576,-4237.162243139882
-23403.032907354445,-4237.330367128381
-23509.863293902068,-4281.206824436641
-23509.80803886709,-4280.883030166732
-23625.780780246998,-4322.981308621306
-23625.51136858507,-4322.941119491399
-23749.916190081763,-4365.969536525325
-23749.82466079473,-4365.986139707876
-23898.280319815258,-4399.743069653424
-23898.227545682017,-4399.72416354902
-24053.20207116143,-4393.79336364456
-24053.164072398064,-4393.791438073414
-24168.860474183413,-4417.989576066392
-24168.780384261645,-4418.02661377301
-24318.055921155352,-4455.688464204582
-24317.966247252974,-4455.774487407392
-24532.145151496952,-4473.026878692012
-24532.127553464266,-4473.048533059704
-24670.857127586416,-4479.020119844071
-24670.778623420556,-4478.9592118510645
-24802.643937287306,-4512.811203604978
-24802.50858798037,-4512.888019990358
-25002.30115180246,-4534.046395124714
-25002.258939839638,-4533.984082247734
-25185.558361842577,-4549.427765004594
-25185.431602814937,-4549.426989419652
-25378.81832086185,-4589.131535379966
-25378.849722523624,-4589.065000422348
-25620.366318278524,-4607.608904051146
-25620.39428825024,-4607.615424491292
-25787.02161861382,-4637.904269517231
-25786.993914167706,-4637.858389308075
-25915.162939209913,-4687.9662024158115
-25915.05121040696,-4688.062376111881
-26157.28495557387,-4691.048982591206
-26157.362041938984,-4691.047359755247
-26380.830735809635,-4720.228470613892
-26380.929548267104,-4720.149719183472
-26577.52908284236,-4753.283104871303
-26577.48759184865,-4753.261323059941
-26809.91725435837,-4787.015846807033
-26809.89224123799,-4787.015538489197
-27048.154019737653,-4794.898120573093
-27048.109567828596,-4794.889225751779
-27279.184601545778,-4823.883140241407
-27279.2365679017,-4823.864108843083
-27522.472485989638,-4855.989829781237
-27522.42004699754,-4856.0123068373605
-27718.478431090392,-4917.037779957221
-27718.459486533833,-4916.950344846938
-27953.62848146111,-4982.533962290256
-27953.64158685748,-4982.476078260336
-28177.83811270119,-5040.497840987529
-28177.71871879774,-5040.478247780526
-28437.631559416437,-5071.739405884444
-28437.60098115777,-5071.844068777408
-28780.289088173566,-5058.09133133092
-28780.384161615773,-5058.062149336041
-28848.456394072397,-5072.084586147433
-28848.39283808902,-5071.978002460365
-29073.35549831585,-5110.206894180541
-29073.338226011398,-5110.222686043629
-29304.221163969338,-5128.192904914462
-29304.15824874447,-5128.168456071494
-29519.15972592099,-5137.911764779534
-29519.11594719145,-5137.909654269962
-29753.968302424735,-5138.634582296345
-29753.87770935706,-5138.594867159169
-29952.15055703627,-5147.84990344252
-29951.874630637314,-5147.793664953889
-30147.579373038177,-5191.691729144904
-30147.476990797964,-5191.588635585996
-30257.855410504788,-5227.379036247907
-30257.853258059855,-5227.223355940743
-30457.477847582006,-5291.4790633608445
-30457.302744907425,-5291.470276890441
-30652.068647995802,-5330.7821442146105
-30652.072856766055,-5330.830370651238
-30821.239158038778,-5347.043715310721
-30821.393226220855,-5346.922331780293
-31030.182154997765,-5406.353277365099
-31030.107851856934,-5406.492120551326
-31307.931448847175,-5430.376576928733
-31307.899465867595,-5430.433788318391
-31392.42432325906,-5432.355235166164
-31392.43226941923,-5432.360406508142
-31541.233404224724,-5445.078959129561
-31541.12218827344,-5445.125551542271
-31745.56784936447,-5463.17165241081
-31745.62809134277,-5463.174946693342
-31980.420107124424,-5485.607960492434
-31980.286444559384,-5485.541131221451
-32189.229711121516,-5527.575556582874
-32189.282285091173,-5527.578079302431
-32372.536402802434,-5535.337900335833
-32372.536427933308,-5535.339061949184
-32582.723826926573,-5568.74343227787
-32582.656585132918,-5568.748609368977
-32790.4202772767,-5608.861240750938
-32790.45255520457,-5608.85010358563
-32867.37018165056,-5624.289429087317
-32867.307283999966,-5624.263724953908
-33062.45849429252,-5647.464798345604
-33062.40189548704,-5647.3180037143375
-33286.1200473489,-5738.464507065419
-33285.95852487166,-5738.40603368631
-33474.80978807975,-5763.571665571763
-33474.65027218133,-5763.616534022722
-33680.75132509444,-5798.535576163047
-33680.71466893838,-5798.4607266262765
-33892.71279463426,-5832.34205651495
-33892.617631539084,-5832.352862324444
-34088.20816114551,-5846.872496577809
-34088.14024047524,-5846.90898544658
-34188.13733122339,-5875.451518885106
-34188.02758984632,-5875.401641573882
-34404.640327145244,-5905.805660726468
-34404.60597577495,-5905.792617847784
-34587.938893161765,-5971.495878461346
-34587.83266430082,-5971.485806237161
-34792.28273590569,-5976.0422577354575
-34792.21335553061,-5976.038131219695
-35008.60039047787,-6027.3906974535585
-35008.55112901852,-6027.41378656571
-35190.00815758422,-6076.383000386721
-35189.97731048282,-6076.358097883218
-35403.18582055665,-6127.887297444062
-35403.1953548387,-6127.9007779276235
-35603.27388778665,-6142.35621886917
-35603.10311159438,-6142.313352714901
-35797.46065536354,-6186.652973779946
-35797.26588506815,-6186.769054901482
-36039.81930891129,-6255.739207606332
-36039.78443670519,-6255.765170037003
-36232.167991751005,-6281.579678776111
-36232.081419325856,-6281.449404608703
-36470.1481515972,-6310.162138860809
-36470.18378384045,-6310.153791054105
-36669.492641825316,-6387.78734799793
-36669.166708405246,-6387.75016988188
-36868.95897237403,-6447.642346506692
-36868.90145141521,-6447.57353805529
-36992.720497962684,-6466.313514679973
-36992.59639218399,-6466.233516682612
-37053.27825391655,-6493.428729830934
-37053.19671420037,-6493.444888788962
-37270.968893140875,-6565.716610679321
-37270.85410360537,-6565.7856742334025
-37505.897419746565,-6579.503462933843
-37505.78603806963,-6579.495069032783
-37702.53226759694,-6653.270133018046
-37702.41683337632,-6653.209346010382
-37879.482775539385,-6674.42924430293
-37879.52205093304,-6674.32926690519
-38094.12659152938,-6688.39894602731
-38093.82871144147,-6688.351185376755
-38167.98348894946,-6704.334486514746
-38167.90679632912,-6704.270595325697
-38384.01851026403,-6735.177513633279
-38383.92548021326,-6735.098657248911
-38631.835136798894,-6789.057232952809
-38631.74964951435,-6789.039467708606
-38820.74175818888,-6832.767268864067
-38820.625686287814,-6832.857305841091
-39031.6398872715,-6870.702467063746
-39031.55796650652,-6870.75133089956
-39113.661624850385,-6953.110534690382
-39113.61503943942,-6953.046385284204
-39253.85502547905,-6938.6977169653765
-39253.620147111404,-6938.602687693393
-39336.183650936895,-6952.116529511153
-39336.01090247864,-6951.986116497302
-39539.2676918784,-6992.678322003717
-39539.14895854095,-6992.682084616823
-39618.30662552148,-6989.10314072751
-39618.361996587235,-6989.094010915571
-39718.46262004812,-7062.2224723558265
-39718.401288011504,-7062.2174999670115
-39824.7447060916,-7045.0166719000645
-39824.58404633327,-7044.755184780412
-40030.21041432634,-7065.278614737591
-40030.074685363594,-7065.191044097999
-40202.84173888394,-7088.248807518801
-40202.553677426484,-7088.20412799332
-40258.9530722962,-7115.032291017078
-40258.81951777321,-7114.857061056019
-40435.91664993488,-7107.311672840771
-40435.965282173995,-7107.015677539006
-40575.398288377306,-7162.593827812533
-40575.33805047716,-7162.617696937099
-40771.396550986276,-7237.997016390878
-40771.48511246061,-7237.926585434106
-40997.1629303833,-7245.50781566861
-40997.09178329034,-7245.4952377985355
-41403.99588562963,-7264.647976050772
-41403.872278520765,-7264.792044077309
-41901.68442858515,-7289.269304462046
-41901.73907709258,-7289.281796970082
-42516.031930600715,-7322.777658871302
-42515.97625161601,-7322.850858040724
-43201.26413151254,-7367.925393831949
-43201.33078180711,-7367.925747132313
-43973.75005432986,-7463.679651484708
-43973.726223934056,-7463.693226022589
-44801.48714687163,-7514.619294541645
-44801.49201920041,-7514.558995973259
-45636.26806209222,-7575.844772523391
-45636.39266305446,-7575.821181171305
-46007.7174260051,-7536.7793525804755
-46008.083661533004,-7537.338407340826
-46334.67739276223,-7534.863559087612
-46334.777721431004,-7534.902817502243
-46838.7009891234,-7538.901983057196
-46838.74018156493,-7538.79150308176
-47439.166104823125,-7582.358495479329
-47439.13781396401,-7582.3584366756995
-47866.933290541994,-7588.874017362982
-47866.96319004663,-7588.91196808003
-48440.80097540846,-7592.910078126164
-48440.51045517128,-7592.560145913921
-48708.638309642134,-7597.247919244204
-48708.71513846586,-7597.157211562077
-49253.312952783745,-7710.929097055408
-49253.23431503865,-7710.995013712886
-49502.552130327764,-7716.870619358682
-49502.313603075105,-7716.547446527778
-49749.22864411042,-7721.30946719919
-49749.11439836214,-7721.342917787489
-49963.050311082814,-7716.580742082688
-49962.90008619429,-7716.651322848793
-50180.08650007402,-7715.641445521661
-50179.97705749807,-7715.660701022643
-50383.3742434834,-7710.142408650156
-50383.14139022298,-7710.1325028023575
-50396.45912319518,-7694.189762468071
-50396.389249607455,-7694.262625113011
-50584.43208628262,-7685.6523929328905
-50584.43014062045,-7685.612804489187
-50749.410021107804,-7661.123230064467
-50749.456775732964,-7661.127802796227
-50891.009590001486,-7640.439021139347
-50890.209769760695,-7640.076132880368
-50997.15287173595,-7645.756929279506
-50996.93384981434,-7645.8750114007225
-51046.59487166822,-7644.529440553282
-51046.60366137669,-7644.5219183586605
