frame,x_prev,y_prev,x_d,y_d,x_cur,y_cur,theta_prev,theta_d,theta_cur
0,0.0,0.0,0.0,0.0,0.0,0.0,150.0,0.0,150.0
5,0.0,0.0,0.19733105942682003,0.0,0.19733105942682003,0.0,150.0,3.3876751758143477,153.38767517581434
10,0.19733105942682003,0.0,-0.10477813590434533,0.34160054204293006,0.0925529235224747,0.34160054204293006,153.38767517581434,0.07073915731123033,153.45841433312557
15,0.0925529235224747,0.3416005420429301,-0.07586095351562086,0.19925620440116423,0.016691970006853837,0.5408567464440943,153.45841433312557,0.01852190801469507,153.47693624114027
20,0.016691970006853837,0.5408567464440943,-0.017355239737792683,0.1018683840942674,-0.0006632697309388452,0.6427251305383617,153.47693624114027,0.03267566581957894,153.50961190695983
25,-0.0006632697309388313,0.6427251305383617,-0.494120186257806,-0.030588613054179134,-0.49478345598874485,0.6121365174841825,153.50961190695983,0.38575992013812427,153.89537182709796
30,-0.49478345598874485,0.6121365174841826,0.08363460872949702,0.49474473230503735,-0.41114884725924783,1.10688124978922,153.89537182709796,7.363508017828021,161.25887984492599
35,-0.41114884725924783,1.10688124978922,-0.0232865652330001,-0.28335185461665846,-0.43443541249224793,0.8235293951725615,161.25887984492599,5.674266521385553,166.93314636631155
40,-0.43443541249224804,0.8235293951725613,-1.2739674774871679,1.3026229958543583,-1.708402889979416,2.1261523910269196,166.93314636631155,8.940535125069122,175.87368149138067
45,-1.708402889979416,2.1261523910269196,0.29126141487180357,-0.15511202156785675,-1.4171414751076123,1.9710403694590628,175.87368149138067,5.730957214931857,181.60463870631253
50,-1.4171414751076123,1.9710403694590628,0.37132864408475985,0.5423024962820623,-1.0458128310228525,2.513342865741125,181.60463870631253,5.053425166815413,186.65806387312793
55,-1.0458128310228525,2.513342865741125,-0.03837652159743867,-0.02641285512503513,-1.0841893526202913,2.48693001061609,186.65806387312793,-0.0242356923725641,186.63382818075536
60,-1.0841893526202913,2.48693001061609,0.3353812348438343,0.13660976544189637,-0.748808117776457,2.6235397760579864,186.63382818075536,-0.01699443796016052,186.6168337427952
65,-0.748808117776457,2.6235397760579864,0.033548041623745195,0.020318255870349133,-0.7152600761527117,2.6438580319283354,186.6168337427952,-0.01267076426516744,186.60416297853
70,-0.7152600761527117,2.6438580319283354,-0.037615791094256563,-0.1053453918073376,-0.7528758672469683,2.538512640120998,186.60416297853,-0.008484710761309753,186.5956782677687
75,-0.7528758672469683,2.538512640120998,0.04004199239187954,0.0,-0.7128338748550888,2.538512640120998,186.5956782677687,0.027540890389449423,186.62321915815815
80,-0.7128338748550888,2.538512640120998,-0.0817616595167322,0.23406793652561805,-0.794595534371821,2.772580576646616,186.62321915815815,0.0024641576078007275,186.62568331576594
85,-0.794595534371821,2.772580576646616,0.1304087497738685,-0.17078056425109045,-0.6641867845979524,2.6018000123955254,186.62568331576594,-0.021358414822851893,186.60432490094308
90,-0.6641867845979524,2.6018000123955254,-0.23539825942044423,0.2052171117583263,-0.8995850440183967,2.8070171241538517,186.60432490094308,0.08951347166868566,186.69383837261176
95,-0.8995850440183968,2.8070171241538517,-0.121705570077995,0.013321308341529964,-1.0212906140963918,2.8203384324953817,186.69383837261176,0.026995148944794805,186.72083352155656
100,-1.0212906140963918,2.820338432495382,-0.031080717516274437,-0.14550137937311347,-1.0523713316126662,2.6748370531222685,186.72083352155656,0.01147179919644382,186.732305320753
105,-1.0523713316126662,2.6748370531222685,0.05459261418126385,0.12168676857670996,-0.9977787174314023,2.7965238216989783,186.732305320753,0.005166847673421421,186.73747216842642
110,-0.9977787174314023,2.7965238216989783,-0.708417107202099,-0.05015387199344923,-1.7061958246335014,2.746369949705529,186.73747216842642,0.062077700316955704,186.79954986874338
115,-1.7061958246335014,2.746369949705529,0.025067444650218235,-0.09343311718994163,-1.6811283799832832,2.6529368325155875,186.79954986874338,-0.0075575380364687455,186.7919923307069
120,-1.6811283799832832,2.6529368325155875,1.5569179066886387,9.903266370426724,-0.12421047329464452,12.556203202942312,186.7919923307069,5.734544824031447,192.52653715473835
125,-0.12421047329464452,12.556203202942312,0.23099181483032732,-0.1183570421750833,0.1067813415356828,12.43784616076723,192.52653715473835,5.793020003585382,198.31955715832373
130,0.10678134153567953,12.437846160767222,-191.67110761388335,109.05873235120556,-191.56432627234767,121.49657851197279,198.31955715832373,-76.40799083885749,121.91156631946625
135,-191.56432627234767,121.49657851197279,0.15166063645118164,-0.03706750240175045,-191.4126656358965,121.45951100957103,121.91156631946625,0.013960348665196612,121.92552666813144
140,-191.4126656358965,121.45951100957103,389.4847227062534,305.91615396919894,198.07205707035692,427.37566497877,121.92552666813143,178.57647684360276,300.5020035117342
145,198.07205707035692,427.37566497877,-0.17922030652227525,0.12020700275913894,197.89283676383465,427.4958719815291,300.5020035117342,0.00913944235610916,300.5111429540903
150,197.89283676383465,427.4958719815291,-0.2065310240479522,0.22766796521426852,197.6863057397867,427.72353994674336,300.5111429540903,-0.012801673499766443,300.4983412805905
155,197.6863057397867,427.72353994674336,-0.024624442109781985,0.46350718134393554,197.66168129767692,428.1870471280873,300.4983412805905,0.10145421502027192,300.5997954956108
160,197.66168129767692,428.18704712808733,-7.095072010761777,10.390655550461389,190.56660928691514,438.5777026785487,300.5997954956108,3.3232786374486456,303.92307413305946
165,190.56660928691514,438.5777026785487,-9.441868925541229,-5.041782316332263,181.1247403613739,433.5359203622164,303.92307413305946,0.5201379095254842,304.44321204258495
170,181.1247403613739,433.5359203622164,1.060015872326018,0.27094734697798517,182.18475623369991,433.8068677091944,304.44321204258495,0.12359484568772594,304.56680688827265
175,182.18475623369991,433.8068677091944,0.5312218566909037,0.0605600866365167,182.71597809039082,433.86742779583096,304.56680688827265,-0.05230144051671598,304.51450544775594
180,182.71597809039082,433.86742779583096,-0.39907837944822555,0.0,182.3168997109426,433.86742779583096,304.51450544775594,0.20165829825864193,304.71616374601456
185,182.3168997109426,433.86742779583096,-0.3664149926660025,0.24569833528931273,181.9504847182766,434.1131261311203,304.71616374601456,0.944211716179623,305.66037546219417
190,181.9504847182766,434.1131261311203,-0.2862492983571484,-0.5665874775058909,181.66423541991946,433.5465386536144,305.66037546219417,4.364569242293068,310.0249447044872
195,181.66423541991946,433.5465386536144,0.0,0.12151729388653387,181.66423541991946,433.66805594750093,310.0249447044872,3.68832275386844,313.71326745835563
200,181.66423541991946,433.66805594750093,-0.06540763953987933,0.6818900463448051,181.5988277803796,434.3499459938457,313.71326745835563,5.432722660838499,319.14599011919415
205,181.5988277803796,434.3499459938457,-0.20388676088481283,0.3134666641121796,181.39494101949478,434.6634126579579,319.14599011919415,1.3611821661931545,320.5071722853873
210,181.39494101949478,434.6634126579579,-0.21634651037090868,0.16113362298623896,181.17859450912388,434.82454628094416,320.5071722853873,0.05473449801420465,320.5619067834015
215,181.17859450912388,434.82454628094416,-0.41309162611486294,-0.023222632623598805,180.76550288300902,434.8013236483206,320.5619067834015,0.0254446002286239,320.58735138363016
220,180.76550288300902,434.8013236483206,-0.07935236112615257,0.353492822290778,180.68615052188287,435.15481647061137,320.58735138363016,0.01606259139876434,320.6034139750289
225,180.68615052188287,435.15481647061137,-0.18996179760372145,0.018663654439371624,180.49618872427914,435.17348012505073,320.6034139750289,0.013651048925434983,320.61706502395435
230,180.49618872427914,435.17348012505073,-0.3112423665056454,0.31956926777747013,180.1849463577735,435.4930493928282,320.61706502395435,0.021223288335387298,320.6382883122897
235,180.1849463577735,435.4930493928282,0.1362231581905328,0.32352757799478,180.32116951596404,435.81657697082295,320.6382883122897,-0.03024983734600935,320.6080384749437
240,180.32116951596404,435.81657697082295,-0.5602814773166079,0.2679265207439552,179.76088803864744,436.0845034915669,320.6080384749437,-0.01631245228378207,320.59172602265994
245,179.76088803864744,436.0845034915669,0.06419329925502158,0.0,179.82508133790245,436.0845034915669,320.59172602265994,0.010298046055225484,320.60202406871514
250,179.82508133790245,436.0845034915669,-0.3146531375871354,0.15589478826327224,179.51042820031532,436.2403982798302,320.60202406871514,-0.0007244279166196161,320.6012996407985
255,179.51042820031532,436.2403982798302,-0.18722604013411417,0.09810100606757251,179.3232021601812,436.33849928589774,320.6012996407985,0.0019200752269561531,320.6032197160255
260,179.3232021601812,436.33849928589774,-0.30926800372475205,0.13033139682903416,179.01393415645646,436.4688306827268,320.6032197160255,0.05488189658006283,320.65810161260555
265,179.01393415645646,436.4688306827268,-0.20802170385842733,0.18710518767232132,178.80591245259802,436.6559358703991,320.65810161260555,-0.011448051789601036,320.64665356081593
270,178.80591245259802,436.6559358703991,-0.05015264513324086,0.24526546907960034,178.75575980746478,436.9012013394787,320.64665356081593,0.020265286166859728,320.6669188469828
275,178.75575980746478,436.9012013394787,-0.17937434453237566,0.07444117622958409,178.57638546293242,436.9756425157083,320.6669188469828,0.03534545301243166,320.70226429999525
280,178.57638546293242,436.9756425157083,-0.22856061214011253,0.1772542453482151,178.3478248507923,437.15289676105647,320.70226429999525,-0.04609804980498445,320.65616625019027
285,178.3478248507923,437.15289676105647,-0.44627353086917987,0.12003261351836703,177.90155131992313,437.27292937457486,320.65616625019027,0.056454280298996816,320.7126205304893
290,177.90155131992313,437.27292937457486,0.0,0.2750701127535031,177.90155131992313,437.54799948732835,320.7126205304893,0.02498999720686736,320.7376105276962
295,177.90155131992313,437.54799948732835,-0.623366006856561,0.0101282756696367,177.27818531306656,437.55812776299797,320.7376105276962,0.033295586515055646,320.77090611421124
300,177.27818531306656,437.55812776299797,-0.09942690101204296,0.08278206365018981,177.17875841205452,437.64090982664817,320.77090611421124,-0.03634672434842356,320.7345593898628
305,177.17875841205452,437.64090982664817,-0.15538832779669234,-0.04103580553163356,177.02337008425783,437.59987402111653,320.7345593898628,0.009453371484527883,320.74401276134734
310,177.02337008425783,437.59987402111653,-0.5987414471370203,0.2832986621493089,176.4246286371208,437.88317268326585,320.74401276134734,0.04492387282811612,320.78893663417546
315,176.4246286371208,437.88317268326585,-0.04828970973333308,0.07519738489042886,176.37633892738748,437.9583700681563,320.78893663417546,0.02320088985610882,320.8121375240316
320,176.37633892738748,437.9583700681563,-0.28152950985349845,0.01646653098922904,176.09480941753398,437.97483659914553,320.8121375240316,0.000687167670551922,320.81282469170213
325,176.09480941753398,437.97483659914553,-0.23069000073753185,0.01984054017879916,175.86411941679646,437.9946771393243,320.81282469170213,-0.009599456796599643,320.80322523490554
330,175.86411941679646,437.9946771393243,-0.232722255980608,0.3359724714038336,175.63139716081585,438.33064961072813,320.80322523490554,0.0018956187687604487,320.8051208536743
335,175.63139716081585,438.33064961072813,-0.3043461025287305,0.1047835176714389,175.3270510582871,438.43543312839955,320.8051208536743,0.010537838188272773,320.81565869186255
340,175.3270510582871,438.43543312839955,-0.24878149522242923,0.047789829381870236,175.07826956306468,438.48322295778144,320.81565869186255,0.011929724232251214,320.8275884160948
345,175.07826956306468,438.48322295778144,-0.04901816113369106,0.215877802800607,175.029251401931,438.69910076058204,320.8275884160948,0.04717898933748717,320.8747674054323
350,175.029251401931,438.69910076058204,-0.30972307048972175,0.24842580626565777,174.71952833144127,438.94752656684767,320.8747674054323,-0.03831818808009011,320.8364492173522
355,174.71952833144127,438.94752656684767,-0.16417010773927493,0.13605668011237118,174.555358223702,439.08358324696,320.8364492173522,0.008807691604827382,320.845256908957
360,174.555358223702,439.08358324696,-0.49296349172324794,0.19446996438141095,174.06239473197874,439.27805321134144,320.845256908957,0.0562266843252311,320.90148359328225
365,174.06239473197874,439.27805321134144,-0.18985850841807994,0.2846466186393156,173.87253622356067,439.5626998299808,320.90148359328225,-0.012486705331722794,320.88899688795055
370,173.87253622356067,439.5626998299808,-0.3194778648274678,0.07213268162719472,173.5530583587332,439.63483251160795,320.88899688795055,0.024291849693588538,320.91328873764417
375,173.5530583587332,439.63483251160795,0.0,0.03619334276557806,173.5530583587332,439.6710258543735,320.91328873764417,0.00015633263777747075,320.91344507028197
380,173.5530583587332,439.6710258543735,-0.27341069887149005,0.45978356375075047,173.27964765986172,440.1308094181243,320.91344507028197,-0.21664981015730847,320.69679526012465
385,173.27964765986172,440.1308094181243,-0.3802078450090105,0.31744816648497043,172.8994398148527,440.4482575846092,320.69679526012465,-2.9347731148069998,317.76202214531764
390,172.8994398148527,440.4482575846092,0.03923001576099061,0.3516357034819968,172.9386698306137,440.7998932880912,317.76202214531764,-6.477519796494752,311.2845023488229
395,172.9386698306137,440.7998932880912,-0.2084668958617366,0.5402808366683256,172.73020293475196,441.3401741247595,311.2845023488229,-3.2199521948378713,308.06455015398507
400,172.73020293475196,441.3401741247595,-0.30911507503047675,-0.11993266048402858,172.42108785972147,441.2202414642755,308.06455015398507,0.0103061873989031,308.07485634138396
405,172.42108785972147,441.2202414642755,-0.1922079949559904,0.31409624472853315,172.22887986476547,441.53433770900403,308.07485634138396,0.04293794124236934,308.11779428262633
410,172.22887986476547,441.53433770900403,0.16193329608385643,-0.14486893679359644,172.39081316084932,441.3894687722104,308.11779428262633,0.008560248909006753,308.12635453153536
415,172.39081316084932,441.3894687722104,-0.09300799644901141,0.15837993748154122,172.2978051644003,441.54784870969195,308.12635453153536,0.03456811536963673,308.16092264690496
420,172.2978051644003,441.54784870969195,-0.23409779549188306,0.3961067846413344,172.0637073689084,441.9439554943333,308.16092264690496,0.06778865043783233,308.2287112973428
425,172.0637073689084,441.9439554943333,-0.03106744965958838,-0.012318792323120456,172.03263991924882,441.93163670201017,308.2287112973428,-0.0024037778667161643,308.22630751947605
430,172.03263991924882,441.93163670201017,-0.6140202696465267,0.4341392373103208,171.4186196496023,442.3657759393205,308.22630751947605,0.20765537120927088,308.43396289068534
435,171.4186196496023,442.3657759393205,0.11539312580688987,-0.014129257254630018,171.5340127754092,442.35164668206585,308.43396289068534,-0.00305669196446057,308.4309061987209
440,171.5340127754092,442.35164668206585,-0.5267234728589525,0.6770771208718149,171.00728930255025,443.0287238029377,308.4309061987209,0.41357133998371315,308.8444775387046
445,171.00728930255025,443.0287238029377,-0.2335017246484255,0.19634018637603276,170.77378757790183,443.2250639893137,308.8444775387046,0.7684736346511348,309.6129511733557
450,170.77378757790183,443.2250639893137,-1.0081359512517547,0.6544052105810011,169.76565162665008,443.8794691998947,309.6129511733557,2.272250993082219,311.8852021664379
455,169.76565162665008,443.8794691998947,-1.089631485848549,0.624270606717207,168.67602014080154,444.5037398066119,311.8852021664379,1.8747066219273447,313.75990878836524
460,168.67602014080154,444.5037398066119,-0.7303252493412581,0.548778548712676,167.94569489146028,445.0525183553246,313.75990878836524,2.6983682525626707,316.4582770409279
465,167.94569489146028,445.0525183553246,1.0469611165281916,-1.4598942975196916,168.99265600798847,443.5926240578049,316.4582770409279,1.8484704877990799,318.306747528727
470,168.99265600798847,443.5926240578049,-0.943872853784805,0.12891505246100282,168.04878315420368,443.72153911026595,318.306747528727,2.787625297536707,321.0943728262637
475,168.04878315420368,443.72153911026595,-0.1664705311510114,0.18400232587209978,167.88231262305266,443.90554143613804,321.0943728262637,3.3597916181646448,324.45416444442833
480,167.88231262305266,443.90554143613804,-1.3892894638268292,-1.0291880928842645,166.49302315922583,442.87635334325375,324.45416444442833,5.4579925171235315,329.9121569615519
485,166.49302315922583,442.87635334325375,0.1725704600667875,1.263356208826676,166.66559361929262,444.13970955208043,329.9121569615519,3.772849181920776,333.68500614347266
490,166.66559361929262,444.13970955208043,-0.7273831345221042,1.1022451481454887,165.9382104847705,445.2419547002259,333.68500614347266,6.845671276195147,340.5306774196678
495,165.9382104847705,445.2419547002259,-0.08027625928113073,0.22935330772227858,165.85793422548937,445.4713080079482,340.5306774196678,4.401815180733253,344.9324926004011
500,165.85793422548937,445.4713080079482,-0.681736576354722,0.16673346858729943,165.17619764913465,445.63804147653553,344.9324926004011,5.937352688413958,350.86984528881504
505,165.17619764913465,445.63804147653553,0.238474949715567,-0.09027140154632751,165.41467259885022,445.5477700749892,350.86984528881504,0.280860219232659,351.1507055080477
510,165.41467259885022,445.5477700749892,-0.3269104846047837,0.4103348373843265,165.08776211424544,445.9581049123735,351.1507055080477,0.07899644274620081,351.22970195079387
515,165.08776211424544,445.9581049123735,-0.17987242068443762,0.010988100276936974,164.907889693561,445.9690930126505,351.22970195079387,0.01803162914657352,351.2477335799404
520,164.907889693561,445.9690930126505,-0.45519600477866273,0.25353638565039016,164.45269368878235,446.22262939830085,351.2477335799404,0.07876527962885685,351.32649885956926
525,164.45269368878235,446.22262939830085,-0.02350004798810107,0.452360786068028,164.42919364079424,446.6749901843689,351.32649885956926,0.02868149000719652,351.3551803495765
530,164.42919364079424,446.6749901843689,-0.18812605732849558,0.11604664152349962,164.24106758346574,446.7910368258924,351.3551803495765,-0.0016269453867986932,351.35355340418965
535,164.24106758346574,446.7910368258924,-0.1608659576551419,0.25627310445955054,164.0802016258106,447.0473099303519,351.35355340418965,0.015747019371372552,351.369300423561
540,164.0802016258106,447.0473099303519,0.08443033727224175,0.3700247197207067,164.16463196308283,447.41733465007263,351.369300423561,-0.11576127316011826,351.2535391504009
545,164.16463196308283,447.41733465007263,-0.16758073636405152,0.15156277540536398,163.99705122671878,447.568897425478,351.2535391504009,-0.015981059849995347,351.2375580905509
550,163.99705122671878,447.568897425478,-0.19280098455256495,0.23116329494004215,163.8042502421662,447.800060720418,351.2375580905509,0.012084388744196168,351.2496424792951
555,163.8042502421662,447.800060720418,-0.31844806286245725,0.529260529531795,163.48580217930376,448.32932124994977,351.2496424792951,-0.4839786491936156,350.7656638301015
560,163.48580217930376,448.32932124994977,0.12805452898920922,0.8444779862187822,163.61385670829296,449.1737992361686,350.7656638301015,-7.683263466474242,343.0824003636273
565,163.61385670829296,449.1737992361686,0.3536528897020625,0.7181085319315776,163.96750959799502,449.89190776810017,343.0824003636273,-5.625649824132485,337.4567505394948
570,163.96750959799502,449.89190776810017,-2.469215682357244,4.625696020289321,161.4982939156378,454.51760378838947,337.4567505394948,-7.473285695067954,329.98346484442686
575,161.4982939156378,454.51760378838947,-0.3712029174206034,1.036664674161666,161.1270909982172,455.55426846255114,329.98346484442686,-5.6013819853779685,324.3820828590489
580,161.1270909982172,455.55426846255114,-0.45209113301012205,1.3930390902023908,160.67499986520707,456.9473075527535,324.3820828590489,-8.433130273493134,315.9489525855558
585,160.67499986520707,456.9473075527535,-0.25117954719019353,2.8073743007999967,160.42382031801688,459.7546818535535,315.9489525855558,-5.475735672598766,310.473216912957
590,160.42382031801688,459.7546818535535,2.3942426433879382,22.52819407557672,162.81806296140482,482.2828759291302,310.473216912957,-1.0679070984554289,309.4053098145016
595,162.81806296140482,482.2828759291302,7.940299926765848,-9.338679825619348,170.75836288817067,472.9441961035109,309.4053098145016,-5.817195655516218,303.5881141589854
600,170.75836288817067,472.9441961035109,-10.052050985600609,19.450170674001647,160.70631190257006,492.3943667775125,303.5881141589854,0.8977034126191138,304.4858175716045
605,160.70631190257006,492.3943667775125,1.987482454532666,3.0581318755682587,162.69379435710272,495.4524986530808,304.4858175716045,-6.430298533542943,298.05551903806156
610,162.69379435710272,495.4524986530808,-1.0613704721280275,3.612180750020892,161.63242388497468,499.0646794031017,298.05551903806156,-2.910748905466952,295.1447701325946
615,161.63242388497468,499.0646794031017,0.17660642542013696,-0.09307726012901484,161.80903031039483,498.9716021429727,295.1447701325946,-0.0013926583998517433,295.1433774741947
620,161.80903031039483,498.9716021429727,-0.11966284963184738,0.25525910142817193,161.68936746076298,499.2268612444009,295.1433774741947,0.000539858264766781,295.14391733245947
625,161.68936746076298,499.2268612444009,0.10250727809051123,-0.12783621701488676,161.7918747388535,499.099025027386,295.14391733245947,-0.024425081460190012,295.11949225099926
630,161.7918747388535,499.099025027386,-0.16139404663196114,0.27887920907020025,161.63048069222154,499.37790423645623,295.11949225099926,0.208914578231715,295.32840682923097
635,161.63048069222154,499.37790423645623,0.2472348581209094,-0.027169638603825846,161.87771555034246,499.3507345978524,295.32840682923097,-0.046677714922553834,295.2817291143084
640,161.87771555034246,499.3507345978524,1.126798438724136,-0.11486507566024229,163.0045139890666,499.23586952219216,295.2817291143084,0.17901658070081033,295.4607456950092
645,163.0045139890666,499.23586952219216,-1.535398990874064,5.5198015465035475,161.46911499819254,504.75567106869573,295.4607456950092,-0.7512741064938725,294.7094715885153
650,161.46911499819254,504.75567106869573,0.6188308178256317,6.133829444115457,162.08794581601816,510.8895005128112,294.70947158851527,-2.2163335580612795,292.493138030454
655,162.08794581601816,510.8895005128112,1.092089919496937,1.6084613839765363,163.1800357355151,512.4979618967877,292.493138030454,-4.933466120277222,287.5596719101768
660,163.1800357355151,512.4979618967877,0.8251767571579197,2.6113847270523736,164.00521249267302,515.1093466238401,287.5596719101768,-2.86620870568687,284.69346320448994
665,164.00521249267302,515.1093466238401,0.16457923956557505,0.40993226967145197,164.1697917322386,515.5192788935116,284.69346320448994,0.052367759728262395,284.7458309642182
670,164.1697917322386,515.5192788935116,0.0,-0.044635942261790344,164.1697917322386,515.4746429512497,284.7458309642182,0.095927049488483,284.8417580137067
675,164.1697917322386,515.4746429512497,0.10942890423694879,0.13161307885748913,164.27922063647554,515.6062560301073,284.8417580137067,0.013370025769164106,284.85512803947586
680,164.27922063647554,515.6062560301073,-0.10227342511986381,0.23201231418509372,164.17694721135567,515.8382683442924,284.85512803947586,0.009093229682624528,284.86422126915846
685,164.17694721135567,515.8382683442924,-0.11064230314113958,0.31906729284050145,164.06630490821453,516.1573356371329,284.86422126915846,0.12641167777569756,284.99063294693417
690,164.06630490821453,516.1573356371329,0.5271368306960954,0.19130051327750364,164.59344173891063,516.3486361504104,284.99063294693417,0.12990251835664865,285.1205354652908
695,164.59344173891063,516.3486361504104,-0.23040532296591443,0.190632251077195,164.36303641594472,516.5392684014876,285.1205354652908,0.02479992758007387,285.1453353928709
700,164.36303641594472,516.5392684014876,0.1602563769062364,0.27665588440486566,164.52329279285095,516.8159242858924,285.1453353928709,0.02004163944016756,285.1653770323111
705,164.52329279285095,516.8159242858924,0.034496903048643474,-0.12245072852474001,164.5577896958996,516.6934735573676,285.1653770323111,-0.09984700204451709,285.0655300302666
710,164.5577896958996,516.6934735573676,-0.02458857688448434,0.35098732416303574,164.5332011190151,517.0444608815307,285.0655300302666,0.043869717165812436,285.1093997474324
715,164.5332011190151,517.0444608815307,0.38878902198308846,0.3074546606873874,164.9219901409982,517.3519155422181,285.1093997474324,0.01335626764011709,285.1227560150725
720,164.9219901409982,517.3519155422181,0.3347694214172196,0.7868436790524111,165.2567595624154,518.1387592212704,285.1227560150725,-0.03032527790062247,285.0924307371719
725,165.2567595624154,518.1387592212704,0.41052896112527093,0.7141281584093204,165.66728852354066,518.8528873796797,285.0924307371719,0.22911363498302903,285.32154437215496
730,165.66728852354066,518.8528873796797,1.5294388490701,0.9929754138238054,167.19672737261075,519.8458627935036,285.32154437215496,0.3517804221193495,285.6733247942743
735,167.19672737261075,519.8458627935036,0.04469576452354722,0.26918369244415374,167.2414231371343,520.1150464859477,285.6733247942743,-0.0018254783690904025,285.67149931590524
740,167.2414231371343,520.1150464859477,0.6708416816931635,0.5598791102895957,167.91226481882745,520.6749255962372,285.67149931590524,0.13824858182298813,285.80974789772824
745,167.91226481882745,520.6749255962372,0.3088665301376148,0.0,168.22113134896506,520.6749255962372,285.80974789772824,0.01613497828159827,285.8258828760098
750,168.22113134896506,520.6749255962372,0.2823326598597625,0.8420221419839835,168.50346400882484,521.5169477382212,285.8258828760098,0.1939314925215798,286.0198143685314
755,168.50346400882484,521.5169477382212,-0.0193477331382008,0.14585503491512503,168.48411627568663,521.6628027731364,286.0198143685314,0.04269539666136334,286.0625097651928
760,168.48411627568663,521.6628027731364,0.040127904697969105,0.011753077884609758,168.5242441803846,521.674555851021,286.0625097651928,0.04844361788417536,286.11095338307695
765,168.5242441803846,521.674555851021,-0.09690514160157611,0.06966630209064188,168.42733903878303,521.7442221531117,286.11095338307695,-0.017493439673156384,286.0934599434038
770,168.42733903878303,521.7442221531117,-0.07611523293571044,0.8179844619346841,168.35122380584733,522.5622066150463,286.0934599434038,-0.2822223623810375,285.81123758102274
775,168.35122380584733,522.5622066150463,-0.11593169986816948,0.07407640365359125,168.23529210597917,522.6362830186999,285.81123758102274,-0.025250621723850678,285.7859869592989
780,168.23529210597917,522.6362830186999,0.1072163313426745,0.3685671507973023,168.34250843732184,523.0048501694972,285.7859869592989,0.2696006972130077,286.0555876565119
785,168.34250843732184,523.0048501694972,0.29053635673574846,0.265442254919303,168.63304479405758,523.2702924244165,286.0555876565119,0.09069281198112626,286.146280468493
790,168.63304479405758,523.2702924244165,-0.5432809205741124,0.7511354762824369,168.08976387348346,524.021427900699,286.146280468493,0.32356955686670713,286.4698500253597
795,168.08976387348346,524.021427900699,-0.36697649175198827,0.12420452673661102,167.72278738173148,524.1456324274357,286.4698500253597,0.012765416557207379,286.4826154419169
800,167.72278738173148,524.1456324274357,0.36247988695406286,0.1720194406294337,168.08526726868556,524.3176518680651,286.4826154419169,0.1297451877527016,286.6123606296696
805,168.08526726868556,524.3176518680651,0.8182746195967545,-0.0789756464832663,168.90354188828232,524.2386762215818,286.6123606296696,-0.022007764830781405,286.5903528648388
810,168.90354188828232,524.2386762215818,0.97185778265233,-0.40150551343185703,169.87539967093466,523.83717070815,286.5903528648388,0.11120083419121972,286.70155369903
815,169.87539967093466,523.83717070815,0.6088751498788071,0.49638028162167147,170.48427482081345,524.3335509897717,286.70155369903,0.07924806919404416,286.780801768224
820,170.48427482081345,524.3335509897717,1.3524641564030475,1.2259746768591815,171.8367389772165,525.5595256666309,286.780801768224,0.13178574035373505,286.91258750857776
825,171.8367389772165,525.5595256666309,0.41574101588252543,0.5658936501849572,172.25247999309903,526.1254193168159,286.91258750857776,0.17223516807381423,287.0848226766516
830,172.25247999309903,526.1254193168159,1.0161312318294022,0.5606401471476918,173.26861122492843,526.6860594639635,287.0848226766516,0.0685189433847583,287.1533416200363
835,173.26861122492843,526.6860594639635,0.047219721256592795,-0.32317654604270346,173.31583094618503,526.3628829179207,287.1533416200363,0.018662918678696898,287.172004538715
840,173.31583094618503,526.3628829179207,3.3180622631591796,-2.946359367278893,176.63389320934422,523.4165235506418,287.172004538715,-0.910495998906969,286.261508539808
845,176.63389320934422,523.4165235506418,0.058965827880329474,0.06528590811767176,176.69285903722457,523.4818094587595,286.261508539808,-0.05272270524858127,286.2087858345594
850,176.69285903722457,523.4818094587595,0.23716050521456,0.7891802572355051,176.9300195424391,524.270989715995,286.2087858345594,0.0496105220998988,286.2583963566593
855,176.9300195424391,524.270989715995,-0.2994562146378456,0.3798046138726975,176.63056332780127,524.6507943298677,286.2583963566593,0.10627594079241152,286.3646722974517
860,176.63056332780127,524.6507943298677,0.10581486298849663,-0.7807716341665334,176.73637819078976,523.8700226957012,286.3646722974517,-0.12145195456736257,286.24322034288434
865,176.73637819078976,523.8700226957012,-0.02456777507025573,-0.44263544116172104,176.7118104157195,523.4273872545394,286.24322034288434,-0.040530641640050546,286.2026897012443
870,176.7118104157195,523.4273872545394,-0.7303948405179626,0.2829192355238681,175.98141557520154,523.7103064900633,286.2026897012443,0.20634878699168777,286.409038488236
875,175.98141557520154,523.7103064900633,0.13788296782132292,-0.01996087729328211,176.11929854302286,523.69034561277,286.409038488236,0.025787479233444113,286.4348259674694
880,176.11929854302286,523.69034561277,0.922174521782628,-0.5517368924741916,177.0414730648055,523.1386087202958,286.4348259674694,-0.3600899529855836,286.07473601448385
885,177.0414730648055,523.1386087202958,0.6058494169453984,-0.5691120475270346,177.6473224817509,522.5694966727688,286.07473601448385,0.06251551994044198,286.1372515344243
890,177.6473224817509,522.5694966727688,0.522349590055464,0.161210846603478,178.16967207180636,522.7307075193722,286.1372515344243,0.07780929486344157,286.2150608292877
895,178.16967207180636,522.7307075193722,0.020899688876196088,0.7331299816164829,178.19057176068256,523.4638375009887,286.2150608292877,0.16931496823694864,286.3843757975247
900,178.19057176068256,523.4638375009887,0.3980053076766893,0.655031492291379,178.58857706835926,524.1188689932801,286.3843757975247,0.24540673100256716,286.62978252852724
905,178.58857706835926,524.1188689932801,0.3383733196829022,0.23877776906755122,178.92695038804217,524.3576467623476,286.62978252852724,0.08537962912697883,286.7151621576542
910,178.92695038804217,524.3576467623476,0.40631285417437235,0.2382172296494631,179.33326324221653,524.595863991997,286.7151621576542,-0.011698404493191745,286.70346375316103
915,179.33326324221653,524.595863991997,0.31649413572701346,0.546864548438903,179.64975737794356,525.1427285404359,286.70346375316103,0.11538900005720826,286.81885275321827
920,179.64975737794356,525.1427285404359,-0.3484038176510179,2.0714234514897454,179.30135356029254,527.2141519919256,286.81885275321827,0.29275662496677846,287.11160937818505
925,179.30135356029254,527.2141519919256,0.020514095242798444,0.52434899383546,179.32186765553533,527.7385009857611,287.11160937818505,0.02294229138727153,287.1345516695723
930,179.32186765553533,527.7385009857611,0.029520390394778606,0.3248179481228286,179.3513880459301,528.0633189338839,287.1345516695723,-0.14626979923880082,286.98828187033354
935,179.3513880459301,528.0633189338839,0.0,0.4246168380386317,179.3513880459301,528.4879357719226,286.98828187033354,0.08288459292872787,287.0711664632623
940,179.3513880459301,528.4879357719226,0.23705126661500658,0.7839389948286883,179.5884393125451,529.2718747667512,287.0711664632623,0.18936032440092823,287.2605267876632
945,179.5884393125451,529.2718747667512,0.16220788133001124,-0.13457537077755585,179.7506471938751,529.1372993959736,287.2605267876632,-0.0588896102021642,287.201637177461
950,179.7506471938751,529.1372993959736,0.07366522150574062,0.2222215804085621,179.82431241538083,529.3595209763822,287.201637177461,-0.5950161563638392,286.60662102109717
955,179.82431241538083,529.3595209763822,1.1647882472767592,2.0968948155812672,180.9891006626576,531.4564157919635,286.60662102109717,-3.95424345511526,282.6523775659819
960,180.9891006626576,531.4564157919635,6.064167842874901,-10.19905623836978,187.0532685055325,521.2573595535938,282.6523775659819,-8.297368437880273,274.35500912810164
965,187.0532685055325,521.2573595535938,2.7924427906865676,2.560583401189347,189.84571129621906,523.8179429547831,274.35500912810164,-5.872980861944119,268.4820282661575
970,189.84571129621906,523.8179429547831,-1.620337806785031,2.158932824983606,188.22537348943405,525.9768757797667,268.4820282661575,-8.220235888439028,260.26179237771845
975,188.22537348943405,525.9768757797667,1.1570516354280396,0.8418031481162853,189.3824251248621,526.818678927883,260.26179237771845,-5.790889163826085,254.47090321389237
980,189.3824251248621,526.818678927883,-4.435517441132358,6.136154381977539,184.94690768372973,532.9548333098605,254.47090321389237,-8.29358031873604,246.17732289515632
985,184.94690768372973,532.9548333098605,-2.694411901501819,2.3444023034513695,182.25249578222792,535.2992356133119,246.17732289515632,-4.704503504063836,241.4728193910925
990,182.25249578222792,535.2992356133119,-9.241315565755018,8.780469700204304,173.0111802164729,544.0797053135162,241.4728193910925,-4.564081131339567,236.9087382597529
995,173.0111802164729,544.0797053135162,-0.20939562546568533,2.505033279286864,172.80178459100722,546.5847385928031,236.9087382597529,-4.769508560267743,232.13922969948516
1000,172.80178459100722,546.5847385928031,0.0,-0.13838777806610933,172.80178459100722,546.446350814737,232.13922969948516,-7.137459179195529,225.00177052028963
1005,172.80178459100722,546.446350814737,0.0974041438044194,-0.571952525328886,172.89918873481164,545.8743982894081,225.00177052028963,-2.66355972070228,222.33821079958736
1010,172.89918873481164,545.8743982894081,-0.034814954869612,0.5111299101206275,172.86437377994204,546.3855281995287,222.33821079958736,-0.36791684187624923,221.9702939577111
1015,172.86437377994204,546.3855281995287,0.03919163889015831,0.0,172.9035654188322,546.3855281995287,221.9702939577111,-0.07575041811599993,221.8945435395951
1020,172.9035654188322,546.3855281995287,-0.13055091884133407,-0.29317773685684684,172.77301449999086,546.0923504626719,221.8945435395951,0.05369485516036423,221.94823839475546
1025,172.77301449999086,546.0923504626719,0.14038283795907922,0.1773718203641378,172.91339733794993,546.269722283036,221.94823839475546,0.028203321241580884,221.97644171599705
1030,172.91339733794993,546.269722283036,0.03718019941300077,0.12991534350132183,172.95057753736293,546.3996376265374,221.97644171599705,0.03162733601912037,222.00806905201617
1035,172.95057753736293,546.3996376265374,-0.17517933922446896,0.16990847423984812,172.77539819813848,546.5695461007772,222.00806905201617,0.003471862819719451,222.01154091483588
1040,172.77539819813848,546.5695461007772,0.0,0.1564434554608273,172.77539819813848,546.725989556238,222.01154091483588,-0.003502482565992079,222.00803843226987
1045,172.77539819813848,546.725989556238,1.2192838915191668,0.19957476486653414,173.99468208965763,546.9255643211045,222.00803843226987,-0.1890412981802759,221.81899713408959
1050,173.99468208965763,546.9255643211045,0.35535496134641775,0.08459013622968707,174.35003705100405,547.0101544573342,221.81899713408959,-0.06851835691556166,221.750478777174
1055,174.35003705100405,547.0101544573342,0.25680177292630335,-0.04064306949133555,174.60683882393036,546.9695113878429,221.750478777174,-0.022946944579207422,221.7275318325948
1060,174.60683882393036,546.9695113878429,0.1470537764918004,-0.038829066965549774,174.75389260042215,546.9306823208773,221.7275318325948,0.009950100891445463,221.73748193348624
1065,174.75389260042215,546.9306823208773,0.37599585864333307,-0.02474598864752689,175.12988845906548,546.9059363322298,221.73748193348624,-0.04988373582982165,221.68759819765643
1070,175.12988845906548,546.9059363322298,-0.09257135662756083,-0.08834932019730712,175.03731710243792,546.8175870120325,221.68759819765643,0.052160404083087496,221.7397586017395
1075,175.03731710243792,546.8175870120325,0.15979599021489596,-0.043835098348375685,175.1971130926528,546.7737519136841,221.7397586017395,0.035644923820280845,221.7754035255598
1080,175.1971130926528,546.7737519136841,-0.11391057608972435,0.0,175.0832025165631,546.7737519136841,221.7754035255598,0.01392655038887126,221.78933007594867
1085,175.0832025165631,546.7737519136841,-0.021269699472469702,-0.17414912884105394,175.06193281709062,546.5996027848431,221.78933007594867,-0.04909779095630425,221.74023228499237
1090,175.06193281709062,546.5996027848431,0.10880465721806228,-0.015070516592378486,175.17073747430868,546.5845322682508,221.74023228499237,-0.0423633245297974,221.69786896046259
1095,175.17073747430868,546.5845322682508,-0.0669633731745164,0.23714633449257388,175.10377410113418,546.8216786027433,221.69786896046259,0.020664983931681535,221.71853394439427
1100,175.10377410113418,546.8216786027433,-1.5472402937390266,-0.11237109855946566,173.55653380739514,546.7093075041838,221.71853394439427,-1.319953237629934,220.39858070676433
1105,173.55653380739514,546.7093075041838,0.564807059981299,0.7722891167005757,174.12134086737643,547.4815966208844,220.39858070676433,-4.98795782656021,215.41062288020413
1110,174.12134086737643,547.4815966208844,0.601837014110792,0.8079734908351536,174.72317788148723,548.2895701117195,215.41062288020413,-7.8839540257772205,207.5266688544269
1115,174.72317788148723,548.2895701117195,-0.6578343791005162,1.0888303977746658,174.06534350238672,549.3784005094942,207.5266688544269,-5.731361056667282,201.79530779775962
1120,174.06534350238672,549.3784005094942,4.581101056936569,10.83759985976765,178.6464445593233,560.2160003692619,201.79530779775962,-6.095228871873957,195.70007892588566
1125,178.6464445593233,560.2160003692619,0.322751230869149,1.7981874615602533,178.96919579019246,562.0141878308222,195.70007892588566,-5.732421899623308,189.96765702626234
1130,178.96919579019246,562.0141878308222,1.1334116983920917,-0.43433563743911197,180.10260748858454,561.5798521933831,189.96765702626234,-5.195017958144396,184.77263906811794
1135,180.10260748858454,561.5798521933831,0.45500071995577795,-0.3018420959095436,180.55760820854033,561.2780100974735,184.77263906811794,-0.05619219493642048,184.71644687318152
1140,180.55760820854033,561.2780100974735,-0.09103906151292143,-0.08223330061000325,180.4665691470274,561.1957767968635,184.71644687318152,-0.04971473245575137,184.66673214072577
1145,180.4665691470274,561.1957767968635,-0.1327309297672874,0.0,180.3338382172601,561.1957767968635,184.66673214072577,-0.024439517634889153,184.64229262309087
1150,180.3338382172601,561.1957767968635,0.08212467616836203,-0.33734131228378866,180.41596289342846,560.8584354845797,184.64229262309087,-0.019717571052747164,184.62257505203812
1155,180.41596289342846,560.8584354845797,-0.03795283428440469,-0.1791827064683567,180.37801005914406,560.6792527781113,184.62257505203812,-0.013581700579456851,184.60899335145865
1160,180.37801005914406,560.6792527781113,-0.29457397903769816,-0.07503362471656105,180.08343608010637,560.6042191533948,184.60899335145865,0.038690484224324015,184.64768383568298
1165,180.08343608010637,560.6042191533948,-0.22749630465498338,-0.3025310652665495,179.8559397754514,560.3016880881282,184.64768383568298,-0.03169140517537983,184.61599243050762
1170,179.8559397754514,560.3016880881282,-0.23274156240262794,-0.5264159248192374,179.62319821304877,559.775272163309,184.61599243050762,-0.03466318241410039,184.5813292480935
1175,179.62319821304877,559.775272163309,0.03915295458197343,0.015035374022141522,179.66235116763073,559.790307537331,184.5813292480935,0.0035396976607153818,184.58486894575424
1180,179.66235116763073,559.790307537331,-0.3613890171267966,-0.18187046600417792,179.30096215050395,559.6084370713269,184.58486894575424,-0.007304540401164336,184.5775644053531
1185,179.30096215050395,559.6084370713269,-0.037781692257863625,-0.07522591572233162,179.2631804582461,559.5332111556046,184.5775644053531,0.004479510619407224,184.5820439159725
1190,179.2631804582461,559.5332111556046,-0.18420839902265645,0.0,179.07897205922345,559.5332111556046,184.5820439159725,0.001149313074221058,184.5831932290467
1195,179.07897205922345,559.5332111556046,-0.10820277850654224,0.0260959956202671,178.9707692807169,559.5593071512249,184.5831932290467,0.03292483773887491,184.6161180667856
1200,178.9707692807169,559.5593071512249,-0.08907205143765848,-0.273963966981856,178.88169722927924,559.285343184243,184.6161180667856,-0.09070458603590657,184.52541348074968
1205,178.88169722927924,559.285343184243,-0.46909787387354146,0.0445922199689435,178.4125993554057,559.3299354042119,184.52541348074968,-2.777476889418921,181.74793659133076
1210,178.4125993554057,559.3299354042119,-0.209846734605397,-0.5056747942057318,178.20275262080028,558.8242606100061,181.74793659133076,-7.671813562605213,174.07612302872553
1215,178.20275262080028,558.8242606100061,0.016475493044433853,-0.23708514564537353,178.2192281138447,558.5871754643608,174.07612302872553,-1.6046773969804118,172.47144563174513
1220,178.2192281138447,558.5871754643608,-0.2812223631453793,-0.1302255968562357,177.93800575069932,558.4569498675046,172.47144563174513,-0.06119040268004871,172.4102552290651
1225,177.93800575069932,558.4569498675046,-0.1732989870956949,0.16920765149670985,177.7647067636036,558.6261575190013,172.4102552290651,-0.014655049340209272,172.39560017972488
1230,177.7647067636036,558.6261575190013,-0.2669919183247657,0.018195734271913337,177.49771484527884,558.6443532532732,172.39560017972488,0.062295146758782644,172.45789532648365
1235,177.49771484527884,558.6443532532732,-0.20916844109944113,0.06343038439574511,177.28854640417939,558.7077836376689,172.45789532648365,-0.04432385034269539,172.41357147614096
1240,177.28854640417939,558.7077836376689,-0.12412070688319243,-0.1288188060502599,177.1644256972962,558.5789648316186,172.41357147614096,0.008552076986384629,172.42212355312734
1245,177.1644256972962,558.5789648316186,-0.050962605200104025,-0.052613565542767096,177.11346309209608,558.5263512660758,172.42212355312734,-0.009761887765727877,172.4123616653616
1250,177.11346309209608,558.5263512660758,0.0,-0.2423723298595293,177.11346309209608,558.2839789362163,172.4123616653616,-0.012209962097951953,172.40015170326365
1255,177.11346309209608,558.2839789362163,-0.19202606351364887,-0.120240539956178,176.92143702858243,558.1637383962601,172.40015170326365,1.072703253637754,173.4728549569014
1260,176.92143702858243,558.1637383962601,0.07087642563543861,-0.1681698338377236,176.99231345421788,557.9955685624224,173.4728549569014,6.511146363539681,179.98400132044108
1265,176.99231345421788,557.9955685624224,-0.06165386309348575,0.06870019303033051,176.9306595911244,558.0642687554526,179.98400132044108,5.483581419540557,185.46758273998165
1270,176.9306595911244,558.0642687554526,0.1173881333805433,0.17598182006969154,177.04804772450493,558.2402505755223,185.46758273998165,4.484773855451884,189.95235659543354
1275,177.04804772450493,558.2402505755223,-0.12112786849975388,-0.14202243905176437,176.92691985600518,558.0982281364705,189.95235659543354,0.040066175948960864,189.9924227713825
1280,176.92691985600518,558.0982281364705,-0.08215832897798604,-0.22664862166812272,176.8447615270272,557.8715795148024,189.9924227713825,0.011190852770616468,190.00361362415313
1285,176.8447615270272,557.8715795148024,-0.24173611295494712,-0.3512083610583603,176.60302541407225,557.520371153744,190.00361362415313,-0.08005627629733543,189.9235573478558
1290,176.60302541407225,557.520371153744,0.01779100251264576,0.0,176.6208164165849,557.520371153744,189.9235573478558,0.05563825844704277,189.97919560630282
1295,176.6208164165849,557.520371153744,0.07446105371077405,-0.1042619833379559,176.69527747029565,557.416109170406,189.97919560630282,-0.023119253544455137,189.95607635275837
1300,176.69527747029565,557.416109170406,-0.24929223928714506,-0.36381490401760475,176.4459852310085,557.0522942663883,189.95607635275837,0.025211401987446386,189.9812877547458
1305,176.4459852310085,557.0522942663883,-0.14615506831075198,-0.21155536577933898,176.29983016269776,556.840738900609,189.9812877547458,-0.02633956461920972,189.9549481901266
1310,176.29983016269776,556.840738900609,-0.18029883943713382,-0.29550213636867007,176.11953132326062,556.5452367642404,189.9549481901266,-0.0384883231638014,189.9164598669628
1315,176.11953132326062,556.5452367642404,-0.053507114718981175,-0.47688475630789684,176.06602420854165,556.0683520079325,189.9164598669628,-0.03066572459907146,189.88579414236375
1320,176.06602420854165,556.0683520079325,-0.0683473912318535,-0.14004064806313252,175.99767681730978,555.9283113598693,189.88579414236375,-0.005964135617070179,189.8798300067467
1325,175.99767681730978,555.9283113598693,-0.16899743167434106,-0.3522225613929321,175.82867938563544,555.5760887984763,189.8798300067467,0.018348397815568657,189.89817840456226
1330,175.82867938563544,555.5760887984763,-0.25783936351023007,-0.4209851624348244,175.5708400221252,555.1551036360415,189.89817840456226,0.03547382829337691,189.93365223285565
1335,175.5708400221252,555.1551036360415,-0.04691400302998461,-0.11200783032349487,175.5239260190952,555.043095805718,189.93365223285565,-0.01794530969381164,189.91570692316185
1340,175.5239260190952,555.043095805718,-0.09115082727559498,-0.5291493074414646,175.43277519181962,554.5139464982766,189.91570692316185,-0.029512842381633528,189.88619408078023
1345,175.43277519181962,554.5139464982766,-0.12256552278743449,-0.5472222199191907,175.3102096690322,553.9667242783574,189.88619408078023,-0.04935419689520917,189.836839883885
1350,175.3102096690322,553.9667242783574,-0.22785572304567125,-0.14745244786048306,175.0823539459865,553.819271830497,189.836839883885,0.018051332220278066,189.85489121610527
1355,175.0823539459865,553.819271830497,-0.26809640284458847,-0.3508237159612249,174.81425754314193,553.4684481145357,189.85489121610527,-0.014991250927146631,189.83989996517812
1360,174.81425754314193,553.4684481145357,-0.20532458483069144,-0.23966581003445936,174.60893295831124,553.2287823045012,189.83989996517812,0.0424869458570698,189.88238691103518
1365,174.60893295831124,553.2287823045012,0.06470436615599542,-0.44930057516342015,174.67363732446725,552.7794817293378,189.88238691103518,-0.09880948380188331,189.7835774272333
1370,174.67363732446725,552.7794817293378,-0.07304604641933424,-0.4311092207776742,174.60059127804792,552.3483725085601,189.7835774272333,0.006589477236880253,189.79016690447017
1375,174.60059127804792,552.3483725085601,-0.07787387414575997,0.013705622840299886,174.52271740390216,552.3620781314005,189.79016690447017,-0.03460818898916149,189.75555871548102
1380,174.52271740390216,552.3620781314005,-0.26586193287701826,-0.2998921197148937,174.25685547102515,552.0621860116856,189.75555871548102,-0.08365164911688966,189.67190706636413
1385,174.25685547102515,552.0621860116856,0.11760032818963986,-0.19707247988899984,174.3744557992148,551.8651135317966,189.67190706636413,-2.2155763326567848,187.45633073370735
1390,174.3744557992148,551.8651135317966,-0.4145969533681051,-0.4772645695801009,173.95985884584667,551.3878489622165,187.45633073370735,-8.53332153777543,178.9230091959319
1395,173.95985884584667,551.3878489622165,-0.29051639517718136,-0.6961476140701897,173.6693424506695,550.6917013481462,178.9230091959319,-5.673115256177279,173.24989393975463
1400,173.6693424506695,550.6917013481462,-0.46144700607289696,-0.7569122805956595,173.2078954445966,549.9347890675506,173.24989393975463,-8.577911063184416,164.6719828765702
1405,173.2078954445966,549.9347890675506,-0.2661905462025824,-0.9019167700546376,172.94170489839402,549.0328722974959,164.6719828765702,-5.6757183135280425,158.99626456304216
1410,172.94170489839402,549.0328722974959,0.4972722275904691,-0.9899780114361247,173.43897712598448,548.0428942860598,158.99626456304216,-8.666938241130174,150.329326321912
1415,173.43897712598448,548.0428942860598,0.33118315278507127,-0.7072461613309694,173.77016027876954,547.3356481247288,150.329326321912,-5.8111884091283,144.5181379127837
1420,173.77016027876954,547.3356481247288,-0.17357475516675167,-0.012249429403467627,173.59658552360278,547.3233986953253,144.5181379127837,-4.298461059957874,140.2196768528258
1425,173.59658552360278,547.3233986953253,-0.08894318809075888,-0.13580093479286934,173.50764233551203,547.1875977605324,140.2196768528258,-1.1002876549009168,139.1193891979249
1430,173.50764233551203,547.1875977605324,-0.3053081824684238,-0.5820573319935721,173.2023341530436,546.6055404285388,139.1193891979249,-6.466385244629377,132.65300395329552
1435,173.2023341530436,546.6055404285388,-0.36766176591103883,-0.013586599271511202,172.83467238713257,546.5919538292673,132.65300395329552,-5.611381094762718,127.0416228585328
1440,172.83467238713257,546.5919538292673,-0.16387519655895694,-0.19298313941521422,172.6707971905736,546.398970689852,127.0416228585328,-2.859604422100621,124.18201843643219
1445,172.6707971905736,546.398970689852,0.13508952974412333,-0.4912935819449715,172.80588672031774,545.907677107907,124.18201843643219,-0.02186989467350027,124.16014854175869
1450,172.80588672031774,545.907677107907,0.04928788156138372,0.0,172.85517460187913,545.907677107907,124.16014854175869,0.11956606910822395,124.27971461086692
1455,172.85517460187913,545.907677107907,-0.04378643626633193,0.0,172.81138816561278,545.907677107907,124.27971461086692,-0.09437830048814767,124.18533631037877
1460,172.81138816561278,545.907677107907,-0.056208113138100396,-0.10465671837150847,172.75518005247469,545.8030203895355,124.18533631037877,0.05914191240049541,124.24447822277926
1465,172.75518005247469,545.8030203895355,-0.0913892112452186,0.0,172.66379084122946,545.8030203895355,124.24447822277926,-0.00027373885291959345,124.24420448392634
1470,172.66379084122946,545.8030203895355,-0.26879418600198307,-0.1991740263154838,172.3949966552275,545.60384636322,124.24420448392634,-0.012070755629755611,124.23213372829659
1475,172.3949966552275,545.60384636322,-0.08321455762497404,-0.05576626267020998,172.3117820976025,545.5480801005498,124.23213372829659,0.02245964802132655,124.25459337631791
1480,172.3117820976025,545.5480801005498,0.0,-0.08262780597238356,172.3117820976025,545.4654522945774,124.25459337631791,0.028625833531626524,124.28321920984953
1485,172.3117820976025,545.4654522945774,-0.23904017485108575,-0.43069028499523465,172.07274192275142,545.0347620095822,124.28321920984953,-0.07580120822402145,124.20741800162551
1490,172.07274192275142,545.0347620095822,-0.04031855490765002,-0.1852181258256016,172.03242336784376,544.8495438837566,124.20741800162551,-0.058852383356445194,124.14856561826906
1495,172.03242336784376,544.8495438837566,-0.04264826143670329,-0.12157328651337825,171.98977510640705,544.7279705972433,124.14856561826906,0.018076948526358036,124.16664256679542
1500,171.98977510640705,544.7279705972433,-0.054776652353661914,-0.01874985473557489,171.93499845405339,544.7092207425077,124.16664256679542,0.04316248942455112,124.20980505621996
1505,171.93499845405339,544.7092207425077,0.08411151640804038,-0.23344371146578113,172.01910997046141,544.475777031042,124.20980505621996,0.003002432327780582,124.21280748854774
1510,172.01910997046141,544.475777031042,-0.15912899161086597,-0.12966144950116182,171.85998097885056,544.3461155815407,124.21280748854774,0.47855847205226537,124.69136596060001
1515,171.85998097885056,544.3461155815407,-0.20173390293395155,0.015116647468665256,171.65824707591662,544.3612322290094,124.69136596060001,2.21584638928843,126.90721234988844
1520,171.65824707591662,544.3612322290094,-0.3231363241353118,0.474947022021053,171.33511075178131,544.8361792510304,126.90721234988844,7.5953119083240965,134.50252425821253
1525,171.33511075178131,544.8361792510304,0.36182823003307024,-0.13278814964568225,171.69693898181438,544.7033911013848,134.50252425821253,5.433820077366287,139.9363443355788
1530,171.69693898181438,544.7033911013848,-2.6326267189536696,4.663187974132379,169.0643122628607,549.3665790755172,139.9363443355788,9.061856909918992,148.9982012454978
1535,169.0643122628607,549.3665790755172,0.11831140338440056,0.4511893926649062,169.18262366624512,549.8177684681821,148.9982012454978,5.62833154981959,154.6265327953174
1540,169.18262366624512,549.8177684681821,-0.08148567577474575,0.23061651273094008,169.10113799047036,550.048384980913,154.6265327953174,8.30694756250867,162.93348035782606
1545,169.10113799047036,550.048384980913,0.12338756619808688,-0.11754091537242721,169.22452555666845,549.9308440655407,162.93348035782606,5.434402756113752,168.3678831139398
1550,169.22452555666845,549.9308440655407,0.27362468717581656,0.10584271430517302,169.49815024384426,550.0366867798458,168.3678831139398,8.229624012233808,176.5975071261736
1555,169.49815024384426,550.0366867798458,0.6256465089445957,0.7722643685309484,170.12379675278885,550.8089511483768,176.5975071261736,5.470546853147792,182.0680539793214
1560,170.12379675278885,550.8089511483768,4.029747232251005,-5.071167709817767,174.15354398503985,545.737783438559,182.0680539793214,6.984625057272589,189.052679036594
1565,174.15354398503985,545.737783438559,-0.2179043146610935,0.16586754617030536,173.93563967037875,545.9036509847292,189.052679036594,5.668962476744182,194.72164151333817
1570,173.93563967037875,545.9036509847292,0.3231621883562182,-1.41850137073159,174.25880185873496,544.4851496139976,194.72164151333817,7.410651057647709,202.13229257098587
1575,174.25880185873496,544.4851496139976,-0.0574108128563825,-0.2870725705664814,174.20139104587858,544.1980770434311,202.13229257098587,5.4723801370522915,207.60467270803815
1580,174.20139104587858,544.1980770434311,1.2800232736345911,0.263408906914338,175.48141431951316,544.4614859503455,207.60467270803815,8.474443070884782,216.07911577892293
1585,175.48141431951316,544.4614859503455,-0.5082515015665716,1.1985978164779416,174.9731628179466,545.6600837668234,216.07911577892293,5.450391838119897,221.5295076170428
1590,174.9731628179466,545.6600837668234,1.8049237239868483,-2.844443418297034,176.77808654193345,542.8156403485264,221.5295076170428,8.15640745949932,229.68591507654213
1595,176.77808654193345,542.8156403485264,2.085816531896867,2.1185682125304908,178.8639030738303,544.9342085610568,229.68591507654213,5.571912028066726,235.25782710460885
1600,178.8639030738303,544.9342085610568,3.8278538386848373,3.4287506783234183,182.69175691251513,548.3629592393803,235.25782710460885,8.800806936476155,244.058634041085
1605,182.69175691251513,548.3629592393803,2.0582824578768073,-0.22701099569029104,184.75003937039193,548.13594824369,244.058634041085,5.2945096494253345,249.35314369051034
1610,184.75003937039193,548.13594824369,6.528040597299749,-2.532802611363375,191.27807996769167,545.6031456323266,249.35314369051034,7.248094649268836,256.6012383397792
1615,191.27807996769167,545.6031456323266,2.0759759479823985,-0.6339098994161745,193.35405591567405,544.9692357329104,256.6012383397792,5.603206786243474,262.2044451260226
1620,193.35405591567405,544.9692357329104,22.40644613778898,-24.31929362893256,215.76050205346303,520.6499421039779,262.2044451260226,1.2642851259880326,263.46873025201063
1625,215.76050205346303,520.6499421039779,-10.456131909753134,-16.332768241900002,205.3043701437099,504.3171738620779,263.46873025201063,-0.6877715421208085,262.78095870988983
1630,205.3043701437099,504.3171738620779,27.868014912510844,-29.195251225607908,233.17238505622072,475.12192263646995,262.78095870988983,-3.0795532289976504,259.70140548089216
1635,233.17238505622072,475.12192263646995,0.25209064192658504,-1.4324793020849726,233.4244756981473,473.689443334385,259.70140548089216,5.669510280384899,265.37091576127705
1640,233.4244756981473,473.689443334385,-0.18040617249252824,-0.5860268634576793,233.24406952565477,473.1034164709273,265.37091576127705,0.6964101759775218,266.06732593725457
1645,233.24406952565477,473.1034164709273,-0.09597769655484661,-0.1222892819033673,233.1480918290999,472.98112718902394,266.06732593725457,-0.06071215923342475,266.0066137780211
1650,233.1480918290999,472.98112718902394,0.24714930640824592,0.081765451279859,233.39524113550814,473.0628926403038,266.0066137780211,-0.10417585851320112,265.9024379195079
1655,233.39524113550814,473.0628926403038,-0.4303315932711267,0.19555637745733367,232.96490954223702,473.2584490177611,265.9024379195079,0.0004438415311297335,265.90288176103905
1660,232.96490954223702,473.2584490177611,1.9117221296670084,-1.7357357333257923,234.87663167190402,471.5227132844353,265.90288176103905,1.4261106745028262,267.32899243554186
1665,234.87663167190402,471.5227132844353,0.15257582697977656,-0.06520101970837988,235.0292074988838,471.457512264727,267.32899243554186,4.079981951655341,271.4089743871972
1670,235.0292074988838,471.457512264727,2.0975075521556503,-2.2084795535202253,237.12671505103947,469.2490327112067,271.4089743871972,6.26287642357698,277.6718508107742
1675,237.12671505103947,469.2490327112067,1.8530591935858598,-0.4980292994782318,238.97977424462533,468.7510034117285,277.6718508107742,2.7928640611046296,280.4647148718788
1680,238.97977424462533,468.7510034117285,-0.8016935999931825,4.762614717333644,238.17808064463216,473.51361812906214,280.4647148718788,-0.07512562468243614,280.3895892471964
1685,238.17808064463216,473.51361812906214,3.0880923593384413,-2.24568670610448,241.2661730039706,471.26793142295764,280.3895892471964,-0.23545921478036877,280.15413003241605
1690,241.2661730039706,471.26793142295764,1.3930575513367331,-0.10898263986074551,242.65923055530735,471.1589487830969,280.15413003241605,0.2471448473048979,280.401274879721
1695,242.65923055530735,471.1589487830969,0.8193535319766083,-0.6584517023231937,243.47858408728396,470.5004970807737,280.401274879721,0.03682932708669152,280.4381042068077
1700,243.47858408728396,470.5004970807737,4.383408394916096,-6.301380654006934,247.86199248220007,464.19911642676675,280.4381042068077,1.7027589762724828,282.14086318308017
1705,247.86199248220007,464.19911642676675,2.832057699007616,-4.339128343924996,250.69405018120767,459.85998808284177,282.14086318308017,1.6952718004140244,283.8361349834942
1710,250.69405018120767,459.85998808284177,1.1505390527504455,-0.3326577910619687,251.84458923395812,459.5273302917798,283.8361349834942,1.9653651283444586,285.80150011183866
1715,251.84458923395812,459.5273302917798,-0.5873665185835146,0.8321323241972518,251.2572227153746,460.359462615977,285.80150011183866,0.2601424807102949,286.06164259254894
1720,251.2572227153746,460.359462615977,-0.1390338391003687,0.4353491770684224,251.11818887627425,460.7948117930454,286.06164259254894,0.0580080686535307,286.11965066120246
